HGNC	Tissue
LAMP2	endometrium 2
LAMP2	cerebellum
LAMP2	caudate
LAMP2	caudate
LAMP2	cerebral cortex
LAMP2	endometrium 2
LAMP2	liver
LAMP2	cerebellum
LAMP2	appendix
LAMP2	appendix
LAMP2	bone marrow
LAMP2	adrenal gland
LAMP2	breast
LAMP2	bronchus
LAMP2	parathyroid gland
LAMP2	placenta
LAMP2	cerebellum
LAMP2	tonsil
LAMP2	placenta
LAMP2	cerebral cortex
LAMP2	cerebral cortex
LAMP2	cerebral cortex
LAMP2	cervix, uterine
LAMP2	cervix, uterine
LAMP2	breast
LAMP2	breast
LAMP2	ovary
LAMP2	pancreas
LAMP2	pancreas
LAMP2	kidney
LAMP2	thyroid gland
LAMP2	soft tissue 1
LAMP2	soft tissue 1
LAMP2	soft tissue 1
LAMP2	epididymis
LAMP2	esophagus
LAMP2	fallopian tube
LAMP2	gallbladder
LAMP2	heart muscle
LAMP2	hippocampus
LAMP2	hippocampus
LAMP2	kidney
LAMP2	duodenum
LAMP2	endometrium 1
LAMP2	endometrium 1
LAMP2	tonsil
LAMP2	tonsil
LAMP2	urinary bladder
LAMP2	vagina
LAMP2	lung
LAMP2	lymph node
LAMP2	lymph node
LAMP2	nasopharynx
LAMP2	oral mucosa
LAMP2	ovary
LAMP2	testis
LAMP2	testis
LAMP2	small intestine
LAMP2	smooth muscle
LAMP2	prostate
LAMP2	rectum
LAMP2	salivary gland
LAMP2	seminal vesicle
LAMP2	skeletal muscle
LAMP2	skin 1
LAMP2	colon
LAMP2	colon
LAMP2	colon
LAMP2	skin 1
LAMP2	skin 2
LAMP2	soft tissue 2
LAMP2	soft tissue 2
LAMP2	soft tissue 2
LAMP2	spleen
LAMP2	spleen
LAMP2	stomach 1
LAMP2	stomach 2
LAMP2	skin 1
LAMP2	liver
LAMP2	lung
LAMP2	skin 1
VPS41	cerebellum
VPS41	esophagus
VPS41	caudate
VPS41	caudate
VPS41	endometrium 1
VPS41	lymph node
VPS41	fallopian tube
VPS41	cerebellum
VPS41	cerebellum
VPS41	lymph node
VPS41	nasopharynx
VPS41	oral mucosa
VPS41	colon
VPS41	duodenum
VPS41	endometrium 1
VPS41	endometrium 2
VPS41	endometrium 2
VPS41	epididymis
VPS41	placenta
VPS41	cerebral cortex
VPS41	cerebral cortex
VPS41	cerebral cortex
VPS41	cerebral cortex
VPS41	cervix, uterine
VPS41	cervix, uterine
VPS41	ovary
VPS41	ovary
VPS41	pancreas
VPS41	pancreas
VPS41	parathyroid gland
VPS41	skin 2
VPS41	small intestine
VPS41	smooth muscle
VPS41	soft tissue 1
VPS41	gallbladder
VPS41	heart muscle
VPS41	hippocampus
VPS41	hippocampus
VPS41	colon
VPS41	skeletal muscle
VPS41	skin 1
VPS41	skin 1
VPS41	skin 1
VPS41	bronchus
VPS41	lung
VPS41	thyroid gland
VPS41	tonsil
VPS41	tonsil
VPS41	tonsil
VPS41	adrenal gland
VPS41	appendix
VPS41	appendix
VPS41	bone marrow
VPS41	breast
VPS41	breast
VPS41	breast
VPS41	liver
VPS41	lung
VPS41	skin 1
VPS41	prostate
VPS41	rectum
VPS41	soft tissue 1
VPS41	placenta
VPS41	kidney
VPS41	liver
VPS41	salivary gland
VPS41	seminal vesicle
VPS41	testis
VPS41	soft tissue 2
VPS41	stomach 1
VPS41	stomach 2
VPS41	soft tissue 1
VPS41	spleen
VPS41	soft tissue 2
VPS41	soft tissue 2
VPS41	kidney
VPS41	testis
VPS41	spleen
VPS41	vagina
VPS41	urinary bladder
SYT7	salivary gland
SYT7	lung
SYT7	rectum
SYT7	skeletal muscle
SYT7	seminal vesicle
SYT7	prostate
SYT7	soft tissue 2
SYT7	spleen
SYT7	lymph node
SYT7	liver
SYT7	soft tissue 2
SYT7	lung
SYT7	placenta
SYT7	lymph node
SYT7	liver
SYT7	soft tissue 2
SYT7	breast
SYT7	kidney
SYT7	breast
SYT7	skin 1
SYT7	skin 1
SYT7	breast
SYT7	skin 1
SYT7	pancreas
SYT7	pancreas
SYT7	parathyroid gland
SYT7	bone marrow
SYT7	soft tissue 1
SYT7	tonsil
SYT7	cervix, uterine
SYT7	colon
SYT7	duodenum
SYT7	endometrium 1
SYT7	endometrium 1
SYT7	spleen
SYT7	stomach 1
SYT7	stomach 2
SYT7	testis
SYT7	testis
SYT7	thyroid gland
SYT7	tonsil
SYT7	cerebral cortex
SYT7	tonsil
SYT7	urinary bladder
SYT7	kidney
SYT7	vagina
SYT7	nasopharynx
SYT7	oral mucosa
SYT7	ovary
SYT7	ovary
SYT7	adrenal gland
SYT7	appendix
SYT7	appendix
SYT7	soft tissue 1
SYT7	heart muscle
SYT7	cerebral cortex
SYT7	cervix, uterine
SYT7	caudate
SYT7	skin 1
SYT7	skin 2
SYT7	bronchus
SYT7	smooth muscle
SYT7	gallbladder
SYT7	cerebral cortex
SYT7	small intestine
SYT7	hippocampus
SYT7	endometrium 2
SYT7	endometrium 2
SYT7	hippocampus
SYT7	esophagus
SYT7	fallopian tube
SYT7	cerebellum
SYT7	epididymis
SYT7	cerebral cortex
SYT7	cerebellum
SYT7	cerebellum
SYT7	caudate
GABARAPL2	pancreas
GABARAPL2	small intestine
GABARAPL2	pancreas
GABARAPL2	skin 1
GABARAPL2	smooth muscle
GABARAPL2	ovary
GABARAPL2	ovary
GABARAPL2	tonsil
GABARAPL2	tonsil
GABARAPL2	soft tissue 1
GABARAPL2	skin 1
GABARAPL2	skin 2
GABARAPL2	appendix
GABARAPL2	tonsil
GABARAPL2	breast
GABARAPL2	parathyroid gland
GABARAPL2	placenta
GABARAPL2	bone marrow
GABARAPL2	prostate
GABARAPL2	rectum
GABARAPL2	salivary gland
GABARAPL2	placenta
GABARAPL2	skin 1
GABARAPL2	adrenal gland
GABARAPL2	appendix
GABARAPL2	skin 1
GABARAPL2	stomach 2
GABARAPL2	cerebral cortex
GABARAPL2	cerebral cortex
GABARAPL2	soft tissue 1
GABARAPL2	soft tissue 1
GABARAPL2	soft tissue 1
GABARAPL2	soft tissue 2
GABARAPL2	soft tissue 2
GABARAPL2	seminal vesicle
GABARAPL2	skeletal muscle
GABARAPL2	cerebral cortex
GABARAPL2	cerebral cortex
GABARAPL2	stomach 1
GABARAPL2	oral mucosa
GABARAPL2	testis
GABARAPL2	testis
GABARAPL2	thyroid gland
GABARAPL2	kidney
GABARAPL2	kidney
GABARAPL2	liver
GABARAPL2	liver
GABARAPL2	urinary bladder
GABARAPL2	vagina
GABARAPL2	lymph node
GABARAPL2	lymph node
GABARAPL2	nasopharynx
GABARAPL2	esophagus
GABARAPL2	fallopian tube
GABARAPL2	gallbladder
GABARAPL2	breast
GABARAPL2	breast
GABARAPL2	bronchus
GABARAPL2	caudate
GABARAPL2	caudate
GABARAPL2	cerebellum
GABARAPL2	cerebellum
GABARAPL2	cerebellum
GABARAPL2	spleen
GABARAPL2	spleen
GABARAPL2	endometrium 1
GABARAPL2	endometrium 2
GABARAPL2	endometrium 2
GABARAPL2	heart muscle
GABARAPL2	hippocampus
GABARAPL2	cervix, uterine
GABARAPL2	cervix, uterine
GABARAPL2	colon
GABARAPL2	colon
GABARAPL2	colon
GABARAPL2	soft tissue 2
GABARAPL2	duodenum
GABARAPL2	endometrium 1
GABARAPL2	hippocampus
GABARAPL2	lung
GABARAPL2	epididymis
GABARAPL2	lung
NSF	skin 1
NSF	cervix, uterine
NSF	breast
NSF	cervix, uterine
NSF	gallbladder
NSF	hippocampus
NSF	hippocampus
NSF	kidney
NSF	cerebral cortex
NSF	cerebral cortex
NSF	cerebral cortex
NSF	cerebral cortex
NSF	heart muscle
NSF	ovary
NSF	ovary
NSF	pancreas
NSF	bone marrow
NSF	parathyroid gland
NSF	placenta
NSF	placenta
NSF	pancreas
NSF	cerebellum
NSF	adrenal gland
NSF	appendix
NSF	appendix
NSF	skin 1
NSF	spleen
NSF	stomach 1
NSF	colon
NSF	colon
NSF	colon
NSF	duodenum
NSF	endometrium 1
NSF	prostate
NSF	rectum
NSF	salivary gland
NSF	seminal vesicle
NSF	skeletal muscle
NSF	fallopian tube
NSF	oral mucosa
NSF	soft tissue 2
NSF	stomach 2
NSF	testis
NSF	testis
NSF	kidney
NSF	liver
NSF	liver
NSF	lung
NSF	lung
NSF	lymph node
NSF	lymph node
NSF	nasopharynx
NSF	soft tissue 2
NSF	soft tissue 2
NSF	spleen
NSF	caudate
NSF	breast
NSF	breast
NSF	bronchus
NSF	epididymis
NSF	caudate
NSF	cerebellum
NSF	cerebellum
NSF	skin 2
NSF	esophagus
NSF	soft tissue 1
NSF	skin 1
NSF	endometrium 2
NSF	small intestine
NSF	skin 1
NSF	endometrium 2
NSF	tonsil
NSF	vagina
NSF	endometrium 1
NSF	tonsil
NSF	thyroid gland
NSF	soft tissue 1
NSF	urinary bladder
NSF	tonsil
NSF	smooth muscle
NSF	soft tissue 1
NSF	soft tissue 1
ATP2A3	cerebral cortex
ATP2A3	fallopian tube
ATP2A3	cerebellum
ATP2A3	cerebellum
ATP2A3	cerebellum
ATP2A3	cerebral cortex
ATP2A3	salivary gland
ATP2A3	lung
ATP2A3	epididymis
ATP2A3	esophagus
ATP2A3	adrenal gland
ATP2A3	appendix
ATP2A3	appendix
ATP2A3	breast
ATP2A3	breast
ATP2A3	breast
ATP2A3	bronchus
ATP2A3	caudate
ATP2A3	caudate
ATP2A3	rectum
ATP2A3	endometrium 2
ATP2A3	seminal vesicle
ATP2A3	cerebral cortex
ATP2A3	cerebral cortex
ATP2A3	cervix, uterine
ATP2A3	cervix, uterine
ATP2A3	bone marrow
ATP2A3	pancreas
ATP2A3	parathyroid gland
ATP2A3	placenta
ATP2A3	placenta
ATP2A3	prostate
ATP2A3	endometrium 1
ATP2A3	liver
ATP2A3	endometrium 2
ATP2A3	soft tissue 2
ATP2A3	spleen
ATP2A3	spleen
ATP2A3	stomach 1
ATP2A3	gallbladder
ATP2A3	heart muscle
ATP2A3	hippocampus
ATP2A3	hippocampus
ATP2A3	kidney
ATP2A3	kidney
ATP2A3	liver
ATP2A3	soft tissue 1
ATP2A3	vagina
ATP2A3	soft tissue 2
ATP2A3	lung
ATP2A3	lymph node
ATP2A3	lymph node
ATP2A3	nasopharynx
ATP2A3	oral mucosa
ATP2A3	ovary
ATP2A3	ovary
ATP2A3	pancreas
ATP2A3	duodenum
ATP2A3	endometrium 1
ATP2A3	tonsil
ATP2A3	soft tissue 2
ATP2A3	skin 1
ATP2A3	skeletal muscle
ATP2A3	skin 1
ATP2A3	skin 1
ATP2A3	colon
ATP2A3	skin 1
ATP2A3	colon
ATP2A3	colon
ATP2A3	urinary bladder
ATP2A3	tonsil
ATP2A3	tonsil
ATP2A3	soft tissue 1
ATP2A3	testis
ATP2A3	thyroid gland
ATP2A3	stomach 2
ATP2A3	testis
ATP2A3	skin 2
ATP2A3	smooth muscle
ATP2A3	soft tissue 1
ATP2A3	small intestine
RAB7A	cerebral cortex
RAB7A	epididymis
RAB7A	endometrium 2
RAB7A	caudate
RAB7A	cerebellum
RAB7A	cerebellum
RAB7A	liver
RAB7A	endometrium 2
RAB7A	cerebral cortex
RAB7A	appendix
RAB7A	appendix
RAB7A	bone marrow
RAB7A	adrenal gland
RAB7A	breast
RAB7A	bronchus
RAB7A	caudate
RAB7A	prostate
RAB7A	cerebellum
RAB7A	parathyroid gland
RAB7A	rectum
RAB7A	salivary gland
RAB7A	seminal vesicle
RAB7A	cerebral cortex
RAB7A	cerebral cortex
RAB7A	cervix, uterine
RAB7A	breast
RAB7A	breast
RAB7A	oral mucosa
RAB7A	ovary
RAB7A	pancreas
RAB7A	pancreas
RAB7A	endometrium 1
RAB7A	endometrium 1
RAB7A	soft tissue 2
RAB7A	soft tissue 2
RAB7A	soft tissue 2
RAB7A	spleen
RAB7A	spleen
RAB7A	esophagus
RAB7A	fallopian tube
RAB7A	gallbladder
RAB7A	heart muscle
RAB7A	hippocampus
RAB7A	hippocampus
RAB7A	kidney
RAB7A	kidney
RAB7A	urinary bladder
RAB7A	vagina
RAB7A	lymph node
RAB7A	liver
RAB7A	lung
RAB7A	lung
RAB7A	colon
RAB7A	lymph node
RAB7A	nasopharynx
RAB7A	colon
RAB7A	placenta
RAB7A	duodenum
RAB7A	soft tissue 1
RAB7A	soft tissue 1
RAB7A	skin 1
RAB7A	skin 1
RAB7A	skeletal muscle
RAB7A	skin 1
RAB7A	testis
RAB7A	thyroid gland
RAB7A	cervix, uterine
RAB7A	colon
RAB7A	tonsil
RAB7A	skin 2
RAB7A	tonsil
RAB7A	tonsil
RAB7A	testis
RAB7A	skin 1
RAB7A	stomach 1
RAB7A	stomach 2
RAB7A	soft tissue 1
RAB7A	small intestine
RAB7A	smooth muscle
LAMP3	ovary
LAMP3	pancreas
LAMP3	heart muscle
LAMP3	hippocampus
LAMP3	skin 2
LAMP3	small intestine
LAMP3	smooth muscle
LAMP3	soft tissue 1
LAMP3	nasopharynx
LAMP3	oral mucosa
LAMP3	ovary
LAMP3	lymph node
LAMP3	vagina
LAMP3	pancreas
LAMP3	parathyroid gland
LAMP3	breast
LAMP3	placenta
LAMP3	prostate
LAMP3	rectum
LAMP3	placenta
LAMP3	lymph node
LAMP3	appendix
LAMP3	appendix
LAMP3	bone marrow
LAMP3	skin 1
LAMP3	skin 1
LAMP3	skin 1
LAMP3	colon
LAMP3	colon
LAMP3	colon
LAMP3	duodenum
LAMP3	endometrium 1
LAMP3	endometrium 1
LAMP3	endometrium 2
LAMP3	endometrium 2
LAMP3	epididymis
LAMP3	esophagus
LAMP3	fallopian tube
LAMP3	gallbladder
LAMP3	soft tissue 2
LAMP3	hippocampus
LAMP3	kidney
LAMP3	kidney
LAMP3	liver
LAMP3	liver
LAMP3	lung
LAMP3	lung
LAMP3	adrenal gland
LAMP3	tonsil
LAMP3	tonsil
LAMP3	tonsil
LAMP3	urinary bladder
LAMP3	cerebral cortex
LAMP3	cervix, uterine
LAMP3	cervix, uterine
LAMP3	breast
LAMP3	breast
LAMP3	bronchus
LAMP3	caudate
LAMP3	caudate
LAMP3	salivary gland
LAMP3	seminal vesicle
LAMP3	skeletal muscle
LAMP3	skin 1
LAMP3	cerebral cortex
LAMP3	soft tissue 2
LAMP3	spleen
LAMP3	stomach 1
LAMP3	stomach 2
LAMP3	spleen
LAMP3	soft tissue 1
LAMP3	soft tissue 1
LAMP3	soft tissue 2
LAMP3	soft tissue 1
LAMP3	cerebral cortex
LAMP3	testis
LAMP3	thyroid gland
LAMP3	soft tissue 2
LAMP3	testis
LAMP3	cerebellum
LAMP3	cerebellum
LAMP3	cerebral cortex
LAMP3	cerebellum
PIK3C3	caudate
PIK3C3	breast
PIK3C3	breast
PIK3C3	breast
PIK3C3	bronchus
PIK3C3	colon
PIK3C3	colon
PIK3C3	duodenum
PIK3C3	appendix
PIK3C3	appendix
PIK3C3	bone marrow
PIK3C3	oral mucosa
PIK3C3	fallopian tube
PIK3C3	ovary
PIK3C3	ovary
PIK3C3	pancreas
PIK3C3	caudate
PIK3C3	cerebellum
PIK3C3	cerebellum
PIK3C3	cerebellum
PIK3C3	adrenal gland
PIK3C3	liver
PIK3C3	lung
PIK3C3	lung
PIK3C3	lymph node
PIK3C3	esophagus
PIK3C3	cervix, uterine
PIK3C3	colon
PIK3C3	skin 2
PIK3C3	small intestine
PIK3C3	smooth muscle
PIK3C3	soft tissue 1
PIK3C3	soft tissue 1
PIK3C3	endometrium 1
PIK3C3	endometrium 1
PIK3C3	endometrium 2
PIK3C3	endometrium 2
PIK3C3	epididymis
PIK3C3	cerebral cortex
PIK3C3	spleen
PIK3C3	stomach 1
PIK3C3	stomach 2
PIK3C3	testis
PIK3C3	testis
PIK3C3	thyroid gland
PIK3C3	tonsil
PIK3C3	tonsil
PIK3C3	tonsil
PIK3C3	urinary bladder
PIK3C3	vagina
PIK3C3	cerebral cortex
PIK3C3	soft tissue 2
PIK3C3	cervix, uterine
PIK3C3	lymph node
PIK3C3	nasopharynx
PIK3C3	prostate
PIK3C3	pancreas
PIK3C3	parathyroid gland
PIK3C3	placenta
PIK3C3	soft tissue 2
PIK3C3	rectum
PIK3C3	cerebral cortex
PIK3C3	cerebral cortex
PIK3C3	skin 1
PIK3C3	skeletal muscle
PIK3C3	spleen
PIK3C3	skin 1
PIK3C3	hippocampus
PIK3C3	hippocampus
PIK3C3	gallbladder
PIK3C3	heart muscle
PIK3C3	soft tissue 2
PIK3C3	seminal vesicle
PIK3C3	soft tissue 1
PIK3C3	soft tissue 1
PIK3C3	skin 1
PIK3C3	liver
PIK3C3	salivary gland
PIK3C3	skin 1
PIK3C3	kidney
PIK3C3	kidney
RAB21	appendix
RAB21	adrenal gland
RAB21	appendix
RAB21	bone marrow
RAB21	skin 1
RAB21	stomach 1
RAB21	soft tissue 2
RAB21	spleen
RAB21	skeletal muscle
RAB21	spleen
RAB21	lymph node
RAB21	nasopharynx
RAB21	oral mucosa
RAB21	ovary
RAB21	breast
RAB21	breast
RAB21	breast
RAB21	bronchus
RAB21	caudate
RAB21	soft tissue 2
RAB21	endometrium 1
RAB21	soft tissue 2
RAB21	cerebellum
RAB21	cerebral cortex
RAB21	cerebral cortex
RAB21	skin 1
RAB21	skin 1
RAB21	skin 1
RAB21	skin 2
RAB21	small intestine
RAB21	smooth muscle
RAB21	soft tissue 1
RAB21	caudate
RAB21	cerebellum
RAB21	cerebellum
RAB21	lung
RAB21	soft tissue 2
RAB21	endometrium 2
RAB21	stomach 2
RAB21	testis
RAB21	testis
RAB21	thyroid gland
RAB21	tonsil
RAB21	tonsil
RAB21	tonsil
RAB21	soft tissue 1
RAB21	endometrium 1
RAB21	prostate
RAB21	rectum
RAB21	lung
RAB21	lymph node
RAB21	liver
RAB21	cerebral cortex
RAB21	cerebral cortex
RAB21	ovary
RAB21	pancreas
RAB21	pancreas
RAB21	parathyroid gland
RAB21	placenta
RAB21	placenta
RAB21	urinary bladder
RAB21	vagina
RAB21	salivary gland
RAB21	seminal vesicle
RAB21	cervix, uterine
RAB21	colon
RAB21	colon
RAB21	cervix, uterine
RAB21	duodenum
RAB21	esophagus
RAB21	hippocampus
RAB21	colon
RAB21	endometrium 2
RAB21	hippocampus
RAB21	fallopian tube
RAB21	kidney
RAB21	epididymis
RAB21	liver
RAB21	gallbladder
RAB21	heart muscle
RAB21	kidney
PSEN1	kidney
PSEN1	caudate
PSEN1	caudate
PSEN1	liver
PSEN1	colon
PSEN1	tonsil
PSEN1	tonsil
PSEN1	adrenal gland
PSEN1	cerebellum
PSEN1	fallopian tube
PSEN1	gallbladder
PSEN1	heart muscle
PSEN1	hippocampus
PSEN1	hippocampus
PSEN1	breast
PSEN1	bronchus
PSEN1	prostate
PSEN1	rectum
PSEN1	salivary gland
PSEN1	seminal vesicle
PSEN1	cerebellum
PSEN1	cerebellum
PSEN1	cerebral cortex
PSEN1	cerebral cortex
PSEN1	cerebral cortex
PSEN1	cerebral cortex
PSEN1	cervix, uterine
PSEN1	cervix, uterine
PSEN1	soft tissue 1
PSEN1	soft tissue 1
PSEN1	soft tissue 1
PSEN1	soft tissue 2
PSEN1	soft tissue 2
PSEN1	soft tissue 2
PSEN1	spleen
PSEN1	spleen
PSEN1	stomach 1
PSEN1	stomach 2
PSEN1	testis
PSEN1	testis
PSEN1	thyroid gland
PSEN1	parathyroid gland
PSEN1	kidney
PSEN1	lymph node
PSEN1	liver
PSEN1	lung
PSEN1	lung
PSEN1	bone marrow
PSEN1	lymph node
PSEN1	appendix
PSEN1	appendix
PSEN1	placenta
PSEN1	breast
PSEN1	breast
PSEN1	smooth muscle
PSEN1	duodenum
PSEN1	skeletal muscle
PSEN1	colon
PSEN1	colon
PSEN1	skin 1
PSEN1	skin 1
PSEN1	skin 1
PSEN1	skin 1
PSEN1	pancreas
PSEN1	endometrium 2
PSEN1	skin 2
PSEN1	small intestine
PSEN1	endometrium 2
PSEN1	vagina
PSEN1	endometrium 1
PSEN1	endometrium 1
PSEN1	pancreas
PSEN1	epididymis
PSEN1	esophagus
PSEN1	urinary bladder
PSEN1	nasopharynx
PSEN1	tonsil
PSEN1	ovary
PSEN1	oral mucosa
CTTN	cerebral cortex
CTTN	esophagus
CTTN	cervix, uterine
CTTN	gallbladder
CTTN	heart muscle
CTTN	hippocampus
CTTN	fallopian tube
CTTN	cerebral cortex
CTTN	cerebral cortex
CTTN	adrenal gland
CTTN	lymph node
CTTN	nasopharynx
CTTN	oral mucosa
CTTN	ovary
CTTN	ovary
CTTN	pancreas
CTTN	pancreas
CTTN	parathyroid gland
CTTN	caudate
CTTN	caudate
CTTN	cerebellum
CTTN	cerebellum
CTTN	cerebellum
CTTN	seminal vesicle
CTTN	cerebral cortex
CTTN	skeletal muscle
CTTN	skin 1
CTTN	cervix, uterine
CTTN	colon
CTTN	colon
CTTN	colon
CTTN	placenta
CTTN	placenta
CTTN	prostate
CTTN	rectum
CTTN	salivary gland
CTTN	epididymis
CTTN	soft tissue 2
CTTN	spleen
CTTN	spleen
CTTN	stomach 1
CTTN	stomach 2
CTTN	hippocampus
CTTN	kidney
CTTN	kidney
CTTN	liver
CTTN	liver
CTTN	lung
CTTN	lung
CTTN	lymph node
CTTN	soft tissue 1
CTTN	soft tissue 2
CTTN	soft tissue 2
CTTN	appendix
CTTN	appendix
CTTN	bone marrow
CTTN	breast
CTTN	breast
CTTN	breast
CTTN	bronchus
CTTN	endometrium 1
CTTN	endometrium 2
CTTN	endometrium 2
CTTN	vagina
CTTN	soft tissue 1
CTTN	skin 1
CTTN	skin 1
CTTN	duodenum
CTTN	skin 1
CTTN	tonsil
CTTN	tonsil
CTTN	urinary bladder
CTTN	endometrium 1
CTTN	tonsil
CTTN	testis
CTTN	testis
CTTN	soft tissue 1
CTTN	small intestine
CTTN	smooth muscle
CTTN	thyroid gland
CTTN	skin 2
CTTN	soft tissue 1
HDAC6	prostate
HDAC6	placenta
HDAC6	soft tissue 1
HDAC6	soft tissue 1
HDAC6	parathyroid gland
HDAC6	tonsil
HDAC6	soft tissue 1
HDAC6	soft tissue 1
HDAC6	tonsil
HDAC6	smooth muscle
HDAC6	urinary bladder
HDAC6	vagina
HDAC6	lung
HDAC6	rectum
HDAC6	appendix
HDAC6	appendix
HDAC6	bone marrow
HDAC6	skin 1
HDAC6	salivary gland
HDAC6	seminal vesicle
HDAC6	skeletal muscle
HDAC6	small intestine
HDAC6	adrenal gland
HDAC6	cerebral cortex
HDAC6	cerebral cortex
HDAC6	cervix, uterine
HDAC6	tonsil
HDAC6	soft tissue 2
HDAC6	soft tissue 2
HDAC6	spleen
HDAC6	spleen
HDAC6	skin 1
HDAC6	skin 1
HDAC6	skin 1
HDAC6	skin 2
HDAC6	cerebral cortex
HDAC6	testis
HDAC6	testis
HDAC6	thyroid gland
HDAC6	gallbladder
HDAC6	kidney
HDAC6	liver
HDAC6	liver
HDAC6	lung
HDAC6	caudate
HDAC6	lymph node
HDAC6	lymph node
HDAC6	nasopharynx
HDAC6	oral mucosa
HDAC6	ovary
HDAC6	pancreas
HDAC6	pancreas
HDAC6	bronchus
HDAC6	breast
HDAC6	breast
HDAC6	breast
HDAC6	cerebellum
HDAC6	colon
HDAC6	cerebellum
HDAC6	cerebellum
HDAC6	fallopian tube
HDAC6	cerebral cortex
HDAC6	stomach 2
HDAC6	esophagus
HDAC6	colon
HDAC6	colon
HDAC6	heart muscle
HDAC6	hippocampus
HDAC6	endometrium 1
HDAC6	endometrium 1
HDAC6	stomach 1
HDAC6	duodenum
HDAC6	endometrium 2
HDAC6	epididymis
HDAC6	endometrium 2
HDAC6	kidney
SNAP29	skeletal muscle
SNAP29	seminal vesicle
SNAP29	adrenal gland
SNAP29	skin 1
SNAP29	soft tissue 2
SNAP29	soft tissue 2
SNAP29	spleen
SNAP29	lung
SNAP29	duodenum
SNAP29	urinary bladder
SNAP29	vagina
SNAP29	appendix
SNAP29	lymph node
SNAP29	lymph node
SNAP29	appendix
SNAP29	soft tissue 2
SNAP29	soft tissue 2
SNAP29	caudate
SNAP29	caudate
SNAP29	cerebellum
SNAP29	cerebellum
SNAP29	skin 1
SNAP29	skin 1
SNAP29	skin 1
SNAP29	skin 2
SNAP29	bone marrow
SNAP29	breast
SNAP29	breast
SNAP29	breast
SNAP29	bronchus
SNAP29	colon
SNAP29	tonsil
SNAP29	liver
SNAP29	spleen
SNAP29	stomach 1
SNAP29	stomach 2
SNAP29	testis
SNAP29	testis
SNAP29	small intestine
SNAP29	smooth muscle
SNAP29	soft tissue 1
SNAP29	soft tissue 1
SNAP29	colon
SNAP29	tonsil
SNAP29	prostate
SNAP29	rectum
SNAP29	lung
SNAP29	endometrium 1
SNAP29	cerebellum
SNAP29	cerebral cortex
SNAP29	nasopharynx
SNAP29	oral mucosa
SNAP29	ovary
SNAP29	pancreas
SNAP29	pancreas
SNAP29	parathyroid gland
SNAP29	placenta
SNAP29	hippocampus
SNAP29	kidney
SNAP29	salivary gland
SNAP29	liver
SNAP29	cerebral cortex
SNAP29	endometrium 1
SNAP29	cerebral cortex
SNAP29	cerebral cortex
SNAP29	tonsil
SNAP29	cervix, uterine
SNAP29	cervix, uterine
SNAP29	colon
SNAP29	endometrium 2
SNAP29	heart muscle
SNAP29	hippocampus
SNAP29	kidney
SNAP29	thyroid gland
SNAP29	epididymis
SNAP29	esophagus
SNAP29	endometrium 2
SNAP29	gallbladder
SNAP29	fallopian tube
TOM1	cervix, uterine
TOM1	cerebral cortex
TOM1	gallbladder
TOM1	cerebellum
TOM1	cerebellum
TOM1	cerebellum
TOM1	cerebral cortex
TOM1	cerebral cortex
TOM1	cerebral cortex
TOM1	fallopian tube
TOM1	adrenal gland
TOM1	appendix
TOM1	appendix
TOM1	bone marrow
TOM1	breast
TOM1	bronchus
TOM1	caudate
TOM1	skeletal muscle
TOM1	skin 1
TOM1	skin 1
TOM1	skin 1
TOM1	lung
TOM1	seminal vesicle
TOM1	skin 1
TOM1	skin 2
TOM1	cervix, uterine
TOM1	colon
TOM1	colon
TOM1	duodenum
TOM1	endometrium 1
TOM1	caudate
TOM1	placenta
TOM1	prostate
TOM1	rectum
TOM1	salivary gland
TOM1	esophagus
TOM1	testis
TOM1	thyroid gland
TOM1	tonsil
TOM1	tonsil
TOM1	heart muscle
TOM1	hippocampus
TOM1	hippocampus
TOM1	kidney
TOM1	kidney
TOM1	liver
TOM1	liver
TOM1	lung
TOM1	epididymis
TOM1	testis
TOM1	oral mucosa
TOM1	lymph node
TOM1	lymph node
TOM1	nasopharynx
TOM1	parathyroid gland
TOM1	ovary
TOM1	pancreas
TOM1	pancreas
TOM1	stomach 2
TOM1	endometrium 2
TOM1	endometrium 2
TOM1	stomach 1
TOM1	smooth muscle
TOM1	soft tissue 1
TOM1	soft tissue 1
TOM1	small intestine
TOM1	soft tissue 2
TOM1	endometrium 1
TOM1	spleen
TOM1	soft tissue 1
TOM1	vagina
TOM1	tonsil
TOM1	spleen
TOM1	urinary bladder
VTI1B	cerebral cortex
VTI1B	soft tissue 1
VTI1B	cerebral cortex
VTI1B	cerebral cortex
VTI1B	cervix, uterine
VTI1B	soft tissue 1
VTI1B	thyroid gland
VTI1B	vagina
VTI1B	appendix
VTI1B	bone marrow
VTI1B	tonsil
VTI1B	breast
VTI1B	breast
VTI1B	bronchus
VTI1B	breast
VTI1B	testis
VTI1B	liver
VTI1B	tonsil
VTI1B	tonsil
VTI1B	cerebral cortex
VTI1B	rectum
VTI1B	salivary gland
VTI1B	seminal vesicle
VTI1B	skeletal muscle
VTI1B	cervix, uterine
VTI1B	colon
VTI1B	colon
VTI1B	colon
VTI1B	duodenum
VTI1B	endometrium 1
VTI1B	endometrium 1
VTI1B	endometrium 2
VTI1B	endometrium 2
VTI1B	epididymis
VTI1B	soft tissue 2
VTI1B	soft tissue 2
VTI1B	soft tissue 2
VTI1B	spleen
VTI1B	spleen
VTI1B	stomach 1
VTI1B	stomach 2
VTI1B	testis
VTI1B	liver
VTI1B	cerebellum
VTI1B	cerebellum
VTI1B	cerebellum
VTI1B	placenta
VTI1B	urinary bladder
VTI1B	esophagus
VTI1B	lung
VTI1B	lung
VTI1B	lymph node
VTI1B	lymph node
VTI1B	nasopharynx
VTI1B	caudate
VTI1B	caudate
VTI1B	small intestine
VTI1B	smooth muscle
VTI1B	soft tissue 1
VTI1B	soft tissue 1
VTI1B	prostate
VTI1B	adrenal gland
VTI1B	fallopian tube
VTI1B	gallbladder
VTI1B	skin 1
VTI1B	skin 1
VTI1B	skin 1
VTI1B	skin 1
VTI1B	skin 2
VTI1B	ovary
VTI1B	pancreas
VTI1B	pancreas
VTI1B	parathyroid gland
VTI1B	placenta
VTI1B	hippocampus
VTI1B	hippocampus
VTI1B	kidney
VTI1B	heart muscle
VTI1B	oral mucosa
VTI1B	kidney
MAP1LC3A	bone marrow
MAP1LC3A	appendix
MAP1LC3A	appendix
MAP1LC3A	cerebral cortex
MAP1LC3A	adrenal gland
MAP1LC3A	lung
MAP1LC3A	cerebral cortex
MAP1LC3A	endometrium 2
MAP1LC3A	cerebral cortex
MAP1LC3A	lymph node
MAP1LC3A	lung
MAP1LC3A	liver
MAP1LC3A	tonsil
MAP1LC3A	bronchus
MAP1LC3A	breast
MAP1LC3A	breast
MAP1LC3A	breast
MAP1LC3A	kidney
MAP1LC3A	kidney
MAP1LC3A	liver
MAP1LC3A	cerebral cortex
MAP1LC3A	rectum
MAP1LC3A	salivary gland
MAP1LC3A	seminal vesicle
MAP1LC3A	skeletal muscle
MAP1LC3A	skin 1
MAP1LC3A	cervix, uterine
MAP1LC3A	cervix, uterine
MAP1LC3A	colon
MAP1LC3A	colon
MAP1LC3A	colon
MAP1LC3A	duodenum
MAP1LC3A	endometrium 1
MAP1LC3A	endometrium 1
MAP1LC3A	endometrium 2
MAP1LC3A	soft tissue 1
MAP1LC3A	soft tissue 2
MAP1LC3A	soft tissue 2
MAP1LC3A	soft tissue 2
MAP1LC3A	soft tissue 2
MAP1LC3A	spleen
MAP1LC3A	spleen
MAP1LC3A	stomach 1
MAP1LC3A	stomach 2
MAP1LC3A	testis
MAP1LC3A	testis
MAP1LC3A	thyroid gland
MAP1LC3A	tonsil
MAP1LC3A	soft tissue 1
MAP1LC3A	ovary
MAP1LC3A	lymph node
MAP1LC3A	nasopharynx
MAP1LC3A	oral mucosa
MAP1LC3A	cerebellum
MAP1LC3A	ovary
MAP1LC3A	caudate
MAP1LC3A	caudate
MAP1LC3A	epididymis
MAP1LC3A	cerebellum
MAP1LC3A	cerebellum
MAP1LC3A	prostate
MAP1LC3A	skin 2
MAP1LC3A	skin 1
MAP1LC3A	skin 1
MAP1LC3A	skin 1
MAP1LC3A	soft tissue 1
MAP1LC3A	small intestine
MAP1LC3A	smooth muscle
MAP1LC3A	soft tissue 1
MAP1LC3A	gallbladder
MAP1LC3A	tonsil
MAP1LC3A	esophagus
MAP1LC3A	fallopian tube
MAP1LC3A	placenta
MAP1LC3A	heart muscle
MAP1LC3A	hippocampus
MAP1LC3A	hippocampus
MAP1LC3A	vagina
MAP1LC3A	placenta
MAP1LC3A	pancreas
MAP1LC3A	urinary bladder
MAP1LC3A	parathyroid gland
MAP1LC3A	pancreas
VAPA	cerebral cortex
VAPA	cerebral cortex
VAPA	epididymis
VAPA	caudate
VAPA	fallopian tube
VAPA	endometrium 2
VAPA	urinary bladder
VAPA	vagina
VAPA	esophagus
VAPA	nasopharynx
VAPA	oral mucosa
VAPA	ovary
VAPA	ovary
VAPA	caudate
VAPA	cerebellum
VAPA	cerebellum
VAPA	cerebellum
VAPA	prostate
VAPA	endometrium 1
VAPA	endometrium 2
VAPA	soft tissue 1
VAPA	rectum
VAPA	cerebral cortex
VAPA	cerebral cortex
VAPA	cervix, uterine
VAPA	cervix, uterine
VAPA	pancreas
VAPA	pancreas
VAPA	parathyroid gland
VAPA	placenta
VAPA	endometrium 1
VAPA	liver
VAPA	lung
VAPA	lung
VAPA	soft tissue 2
VAPA	soft tissue 2
VAPA	soft tissue 2
VAPA	gallbladder
VAPA	heart muscle
VAPA	hippocampus
VAPA	hippocampus
VAPA	kidney
VAPA	kidney
VAPA	liver
VAPA	smooth muscle
VAPA	soft tissue 1
VAPA	soft tissue 1
VAPA	lymph node
VAPA	lymph node
VAPA	adrenal gland
VAPA	appendix
VAPA	appendix
VAPA	bone marrow
VAPA	bronchus
VAPA	colon
VAPA	colon
VAPA	duodenum
VAPA	thyroid gland
VAPA	tonsil
VAPA	tonsil
VAPA	soft tissue 1
VAPA	skeletal muscle
VAPA	colon
VAPA	salivary gland
VAPA	seminal vesicle
VAPA	testis
VAPA	skin 1
VAPA	stomach 2
VAPA	testis
VAPA	tonsil
VAPA	spleen
VAPA	skin 2
VAPA	small intestine
VAPA	spleen
VAPA	skin 1
VAPA	stomach 1
VAPA	skin 1
VAPA	skin 1
RUBCNL	caudate
RUBCNL	duodenum
RUBCNL	bronchus
RUBCNL	colon
RUBCNL	breast
RUBCNL	endometrium 1
RUBCNL	appendix
RUBCNL	appendix
RUBCNL	kidney
RUBCNL	adrenal gland
RUBCNL	breast
RUBCNL	breast
RUBCNL	bone marrow
RUBCNL	oral mucosa
RUBCNL	caudate
RUBCNL	cerebellum
RUBCNL	cervix, uterine
RUBCNL	ovary
RUBCNL	lung
RUBCNL	lymph node
RUBCNL	lymph node
RUBCNL	nasopharynx
RUBCNL	cerebral cortex
RUBCNL	cerebral cortex
RUBCNL	cervix, uterine
RUBCNL	hippocampus
RUBCNL	skin 1
RUBCNL	skin 1
RUBCNL	skin 2
RUBCNL	small intestine
RUBCNL	endometrium 1
RUBCNL	endometrium 2
RUBCNL	endometrium 2
RUBCNL	epididymis
RUBCNL	esophagus
RUBCNL	fallopian tube
RUBCNL	gallbladder
RUBCNL	heart muscle
RUBCNL	skin 1
RUBCNL	hippocampus
RUBCNL	testis
RUBCNL	testis
RUBCNL	thyroid gland
RUBCNL	tonsil
RUBCNL	tonsil
RUBCNL	tonsil
RUBCNL	urinary bladder
RUBCNL	vagina
RUBCNL	cerebral cortex
RUBCNL	seminal vesicle
RUBCNL	ovary
RUBCNL	spleen
RUBCNL	skin 1
RUBCNL	stomach 2
RUBCNL	pancreas
RUBCNL	pancreas
RUBCNL	parathyroid gland
RUBCNL	placenta
RUBCNL	cerebellum
RUBCNL	cerebellum
RUBCNL	cerebral cortex
RUBCNL	soft tissue 2
RUBCNL	soft tissue 2
RUBCNL	skeletal muscle
RUBCNL	soft tissue 1
RUBCNL	stomach 1
RUBCNL	smooth muscle
RUBCNL	soft tissue 1
RUBCNL	spleen
RUBCNL	kidney
RUBCNL	rectum
RUBCNL	salivary gland
RUBCNL	liver
RUBCNL	soft tissue 2
RUBCNL	prostate
RUBCNL	liver
RUBCNL	lung
RUBCNL	placenta
MGRN1	esophagus
MGRN1	gallbladder
MGRN1	colon
MGRN1	fallopian tube
MGRN1	endometrium 2
MGRN1	epididymis
MGRN1	cerebellum
MGRN1	cerebellum
MGRN1	lymph node
MGRN1	nasopharynx
MGRN1	oral mucosa
MGRN1	adrenal gland
MGRN1	appendix
MGRN1	appendix
MGRN1	bone marrow
MGRN1	colon
MGRN1	colon
MGRN1	duodenum
MGRN1	endometrium 1
MGRN1	endometrium 1
MGRN1	endometrium 2
MGRN1	skeletal muscle
MGRN1	cerebellum
MGRN1	cerebral cortex
MGRN1	cerebral cortex
MGRN1	cerebral cortex
MGRN1	cerebral cortex
MGRN1	cervix, uterine
MGRN1	breast
MGRN1	breast
MGRN1	breast
MGRN1	bronchus
MGRN1	caudate
MGRN1	caudate
MGRN1	spleen
MGRN1	stomach 1
MGRN1	stomach 2
MGRN1	heart muscle
MGRN1	hippocampus
MGRN1	hippocampus
MGRN1	kidney
MGRN1	soft tissue 1
MGRN1	soft tissue 1
MGRN1	soft tissue 2
MGRN1	soft tissue 2
MGRN1	soft tissue 2
MGRN1	spleen
MGRN1	lymph node
MGRN1	ovary
MGRN1	pancreas
MGRN1	skin 1
MGRN1	skin 1
MGRN1	placenta
MGRN1	prostate
MGRN1	pancreas
MGRN1	parathyroid gland
MGRN1	seminal vesicle
MGRN1	skin 1
MGRN1	rectum
MGRN1	salivary gland
MGRN1	testis
MGRN1	smooth muscle
MGRN1	skin 1
MGRN1	skin 2
MGRN1	small intestine
MGRN1	lung
MGRN1	soft tissue 1
MGRN1	liver
MGRN1	lung
MGRN1	tonsil
MGRN1	testis
MGRN1	thyroid gland
MGRN1	tonsil
MGRN1	vagina
MGRN1	kidney
MGRN1	liver
MGRN1	urinary bladder
MGRN1	tonsil
SPG11	parathyroid gland
SPG11	placenta
SPG11	soft tissue 1
SPG11	pancreas
SPG11	stomach 2
SPG11	prostate
SPG11	smooth muscle
SPG11	thyroid gland
SPG11	tonsil
SPG11	testis
SPG11	testis
SPG11	pancreas
SPG11	small intestine
SPG11	tonsil
SPG11	appendix
SPG11	bone marrow
SPG11	breast
SPG11	appendix
SPG11	salivary gland
SPG11	seminal vesicle
SPG11	skeletal muscle
SPG11	rectum
SPG11	skin 1
SPG11	skin 1
SPG11	skin 2
SPG11	adrenal gland
SPG11	cerebral cortex
SPG11	soft tissue 1
SPG11	soft tissue 1
SPG11	soft tissue 1
SPG11	cervix, uterine
SPG11	soft tissue 2
SPG11	soft tissue 2
SPG11	soft tissue 2
SPG11	skin 1
SPG11	skin 1
SPG11	cerebellum
SPG11	cerebellum
SPG11	cerebral cortex
SPG11	stomach 1
SPG11	gallbladder
SPG11	heart muscle
SPG11	hippocampus
SPG11	hippocampus
SPG11	kidney
SPG11	kidney
SPG11	liver
SPG11	liver
SPG11	lung
SPG11	lung
SPG11	lymph node
SPG11	lymph node
SPG11	nasopharynx
SPG11	oral mucosa
SPG11	ovary
SPG11	ovary
SPG11	cerebral cortex
SPG11	breast
SPG11	breast
SPG11	bronchus
SPG11	caudate
SPG11	caudate
SPG11	cerebellum
SPG11	soft tissue 2
SPG11	spleen
SPG11	spleen
SPG11	endometrium 2
SPG11	epididymis
SPG11	cerebral cortex
SPG11	fallopian tube
SPG11	colon
SPG11	colon
SPG11	cervix, uterine
SPG11	colon
SPG11	endometrium 1
SPG11	endometrium 1
SPG11	vagina
SPG11	duodenum
SPG11	tonsil
SPG11	endometrium 2
SPG11	esophagus
SPG11	urinary bladder
VPS18	endometrium 1
VPS18	breast
VPS18	colon
VPS18	colon
VPS18	breast
VPS18	endometrium 1
VPS18	kidney
VPS18	liver
VPS18	liver
VPS18	duodenum
VPS18	cervix, uterine
VPS18	cerebral cortex
VPS18	cerebral cortex
VPS18	cervix, uterine
VPS18	bone marrow
VPS18	placenta
VPS18	breast
VPS18	bronchus
VPS18	caudate
VPS18	caudate
VPS18	cerebellum
VPS18	cerebellum
VPS18	cerebral cortex
VPS18	cerebral cortex
VPS18	adrenal gland
VPS18	appendix
VPS18	appendix
VPS18	soft tissue 1
VPS18	kidney
VPS18	soft tissue 2
VPS18	soft tissue 2
VPS18	endometrium 2
VPS18	endometrium 2
VPS18	epididymis
VPS18	cerebellum
VPS18	skin 1
VPS18	skin 2
VPS18	small intestine
VPS18	smooth muscle
VPS18	soft tissue 1
VPS18	hippocampus
VPS18	parathyroid gland
VPS18	vagina
VPS18	soft tissue 1
VPS18	prostate
VPS18	rectum
VPS18	lung
VPS18	lung
VPS18	lymph node
VPS18	lymph node
VPS18	nasopharynx
VPS18	oral mucosa
VPS18	ovary
VPS18	pancreas
VPS18	tonsil
VPS18	urinary bladder
VPS18	seminal vesicle
VPS18	skeletal muscle
VPS18	spleen
VPS18	salivary gland
VPS18	skin 1
VPS18	heart muscle
VPS18	skin 1
VPS18	skin 1
VPS18	spleen
VPS18	stomach 1
VPS18	hippocampus
VPS18	tonsil
VPS18	fallopian tube
VPS18	gallbladder
VPS18	stomach 2
VPS18	esophagus
VPS18	testis
VPS18	thyroid gland
VPS18	tonsil
VPS18	testis
NAPA	bone marrow
NAPA	appendix
NAPA	cerebral cortex
NAPA	cerebral cortex
NAPA	cervix, uterine
NAPA	cervix, uterine
NAPA	appendix
NAPA	testis
NAPA	testis
NAPA	thyroid gland
NAPA	tonsil
NAPA	colon
NAPA	lymph node
NAPA	adrenal gland
NAPA	nasopharynx
NAPA	cerebral cortex
NAPA	breast
NAPA	breast
NAPA	bronchus
NAPA	breast
NAPA	liver
NAPA	liver
NAPA	lung
NAPA	lung
NAPA	cerebral cortex
NAPA	skin 1
NAPA	skin 1
NAPA	skin 1
NAPA	skin 1
NAPA	skin 2
NAPA	small intestine
NAPA	colon
NAPA	colon
NAPA	duodenum
NAPA	endometrium 1
NAPA	endometrium 1
NAPA	endometrium 2
NAPA	endometrium 2
NAPA	epididymis
NAPA	esophagus
NAPA	fallopian tube
NAPA	gallbladder
NAPA	heart muscle
NAPA	tonsil
NAPA	tonsil
NAPA	urinary bladder
NAPA	vagina
NAPA	caudate
NAPA	cerebellum
NAPA	cerebellum
NAPA	cerebellum
NAPA	rectum
NAPA	salivary gland
NAPA	lymph node
NAPA	skeletal muscle
NAPA	stomach 2
NAPA	oral mucosa
NAPA	ovary
NAPA	ovary
NAPA	caudate
NAPA	soft tissue 1
NAPA	soft tissue 1
NAPA	soft tissue 2
NAPA	soft tissue 2
NAPA	soft tissue 2
NAPA	spleen
NAPA	seminal vesicle
NAPA	stomach 1
NAPA	soft tissue 1
NAPA	kidney
NAPA	hippocampus
NAPA	smooth muscle
NAPA	placenta
NAPA	placenta
NAPA	pancreas
NAPA	parathyroid gland
NAPA	hippocampus
NAPA	kidney
NAPA	prostate
NAPA	spleen
NAPA	pancreas
KXD1	endometrium 1
KXD1	epididymis
KXD1	cervix, uterine
KXD1	esophagus
KXD1	fallopian tube
KXD1	endometrium 2
KXD1	cerebellum
KXD1	cerebellum
KXD1	lymph node
KXD1	lymph node
KXD1	nasopharynx
KXD1	adrenal gland
KXD1	appendix
KXD1	appendix
KXD1	bone marrow
KXD1	colon
KXD1	colon
KXD1	colon
KXD1	duodenum
KXD1	endometrium 1
KXD1	soft tissue 2
KXD1	salivary gland
KXD1	cerebellum
KXD1	cerebral cortex
KXD1	cerebral cortex
KXD1	cerebral cortex
KXD1	cerebral cortex
KXD1	cervix, uterine
KXD1	breast
KXD1	breast
KXD1	breast
KXD1	bronchus
KXD1	caudate
KXD1	caudate
KXD1	soft tissue 2
KXD1	endometrium 2
KXD1	spleen
KXD1	gallbladder
KXD1	heart muscle
KXD1	hippocampus
KXD1	hippocampus
KXD1	smooth muscle
KXD1	soft tissue 1
KXD1	soft tissue 1
KXD1	soft tissue 1
KXD1	soft tissue 1
KXD1	soft tissue 2
KXD1	lung
KXD1	vagina
KXD1	ovary
KXD1	seminal vesicle
KXD1	skeletal muscle
KXD1	oral mucosa
KXD1	placenta
KXD1	pancreas
KXD1	pancreas
KXD1	parathyroid gland
KXD1	urinary bladder
KXD1	placenta
KXD1	prostate
KXD1	rectum
KXD1	skin 1
KXD1	skin 1
KXD1	skin 1
KXD1	spleen
KXD1	skin 2
KXD1	small intestine
KXD1	liver
KXD1	skin 1
KXD1	lung
KXD1	stomach 1
KXD1	stomach 2
KXD1	liver
KXD1	testis
KXD1	kidney
KXD1	kidney
KXD1	testis
KXD1	tonsil
KXD1	tonsil
KXD1	tonsil
KXD1	thyroid gland
YKT6	colon
YKT6	appendix
YKT6	cerebral cortex
YKT6	heart muscle
YKT6	cervix, uterine
YKT6	gallbladder
YKT6	appendix
YKT6	hippocampus
YKT6	colon
YKT6	bone marrow
YKT6	breast
YKT6	cerebral cortex
YKT6	lymph node
YKT6	bronchus
YKT6	caudate
YKT6	breast
YKT6	breast
YKT6	cerebellum
YKT6	cerebral cortex
YKT6	cerebral cortex
YKT6	adrenal gland
YKT6	seminal vesicle
YKT6	esophagus
YKT6	cervix, uterine
YKT6	skin 1
YKT6	skin 1
YKT6	colon
YKT6	duodenum
YKT6	caudate
YKT6	cerebellum
YKT6	cerebellum
YKT6	prostate
YKT6	rectum
YKT6	salivary gland
YKT6	epididymis
YKT6	urinary bladder
YKT6	fallopian tube
YKT6	soft tissue 2
YKT6	spleen
YKT6	spleen
YKT6	stomach 1
YKT6	hippocampus
YKT6	kidney
YKT6	kidney
YKT6	liver
YKT6	liver
YKT6	lung
YKT6	lung
YKT6	soft tissue 1
YKT6	vagina
YKT6	lymph node
YKT6	nasopharynx
YKT6	oral mucosa
YKT6	ovary
YKT6	pancreas
YKT6	pancreas
YKT6	parathyroid gland
YKT6	placenta
YKT6	placenta
YKT6	endometrium 2
YKT6	endometrium 2
YKT6	tonsil
YKT6	soft tissue 2
YKT6	soft tissue 2
YKT6	skeletal muscle
YKT6	small intestine
YKT6	skin 1
YKT6	skin 1
YKT6	skin 2
YKT6	tonsil
YKT6	endometrium 1
YKT6	endometrium 1
YKT6	tonsil
YKT6	stomach 2
YKT6	soft tissue 1
YKT6	testis
YKT6	thyroid gland
YKT6	soft tissue 1
YKT6	testis
YKT6	smooth muscle
YKT6	soft tissue 1
RAB34	cerebral cortex
RAB34	cerebral cortex
RAB34	cerebral cortex
RAB34	cervix, uterine
RAB34	kidney
RAB34	bronchus
RAB34	cervix, uterine
RAB34	kidney
RAB34	adrenal gland
RAB34	liver
RAB34	appendix
RAB34	bone marrow
RAB34	breast
RAB34	appendix
RAB34	breast
RAB34	colon
RAB34	parathyroid gland
RAB34	placenta
RAB34	placenta
RAB34	prostate
RAB34	rectum
RAB34	salivary gland
RAB34	seminal vesicle
RAB34	skeletal muscle
RAB34	skin 1
RAB34	skin 1
RAB34	breast
RAB34	colon
RAB34	pancreas
RAB34	skin 1
RAB34	colon
RAB34	duodenum
RAB34	endometrium 1
RAB34	endometrium 1
RAB34	endometrium 2
RAB34	endometrium 2
RAB34	epididymis
RAB34	esophagus
RAB34	fallopian tube
RAB34	skin 1
RAB34	ovary
RAB34	pancreas
RAB34	hippocampus
RAB34	thyroid gland
RAB34	tonsil
RAB34	tonsil
RAB34	liver
RAB34	lung
RAB34	lung
RAB34	lymph node
RAB34	lymph node
RAB34	nasopharynx
RAB34	oral mucosa
RAB34	gallbladder
RAB34	heart muscle
RAB34	hippocampus
RAB34	testis
RAB34	caudate
RAB34	caudate
RAB34	cerebellum
RAB34	cerebellum
RAB34	cerebellum
RAB34	cerebral cortex
RAB34	soft tissue 1
RAB34	soft tissue 1
RAB34	soft tissue 2
RAB34	testis
RAB34	soft tissue 2
RAB34	spleen
RAB34	spleen
RAB34	soft tissue 1
RAB34	skin 2
RAB34	small intestine
RAB34	smooth muscle
RAB34	tonsil
RAB34	soft tissue 1
RAB34	stomach 2
RAB34	stomach 1
RAB34	vagina
RAB34	urinary bladder
AMBRA1	skeletal muscle
AMBRA1	duodenum
AMBRA1	endometrium 1
AMBRA1	kidney
AMBRA1	vagina
AMBRA1	salivary gland
AMBRA1	lung
AMBRA1	kidney
AMBRA1	skin 1
AMBRA1	skin 1
AMBRA1	liver
AMBRA1	skin 1
AMBRA1	fallopian tube
AMBRA1	gallbladder
AMBRA1	lung
AMBRA1	hippocampus
AMBRA1	hippocampus
AMBRA1	rectum
AMBRA1	colon
AMBRA1	seminal vesicle
AMBRA1	caudate
AMBRA1	cerebellum
AMBRA1	cerebellum
AMBRA1	cerebellum
AMBRA1	cerebral cortex
AMBRA1	cerebral cortex
AMBRA1	cerebral cortex
AMBRA1	heart muscle
AMBRA1	cervix, uterine
AMBRA1	cervix, uterine
AMBRA1	colon
AMBRA1	breast
AMBRA1	colon
AMBRA1	soft tissue 2
AMBRA1	endometrium 1
AMBRA1	endometrium 2
AMBRA1	endometrium 2
AMBRA1	epididymis
AMBRA1	esophagus
AMBRA1	thyroid gland
AMBRA1	cerebral cortex
AMBRA1	tonsil
AMBRA1	tonsil
AMBRA1	urinary bladder
AMBRA1	soft tissue 1
AMBRA1	breast
AMBRA1	liver
AMBRA1	lymph node
AMBRA1	nasopharynx
AMBRA1	oral mucosa
AMBRA1	ovary
AMBRA1	ovary
AMBRA1	pancreas
AMBRA1	tonsil
AMBRA1	parathyroid gland
AMBRA1	placenta
AMBRA1	prostate
AMBRA1	appendix
AMBRA1	soft tissue 1
AMBRA1	bronchus
AMBRA1	caudate
AMBRA1	skin 1
AMBRA1	soft tissue 2
AMBRA1	spleen
AMBRA1	spleen
AMBRA1	soft tissue 1
AMBRA1	skin 2
AMBRA1	small intestine
AMBRA1	smooth muscle
AMBRA1	testis
AMBRA1	stomach 1
AMBRA1	bone marrow
AMBRA1	soft tissue 2
AMBRA1	breast
AMBRA1	appendix
AMBRA1	stomach 2
AMBRA1	testis
AMBRA1	adrenal gland
RAB29	tonsil
RAB29	esophagus
RAB29	fallopian tube
RAB29	gallbladder
RAB29	testis
RAB29	urinary bladder
RAB29	tonsil
RAB29	stomach 2
RAB29	appendix
RAB29	heart muscle
RAB29	adrenal gland
RAB29	appendix
RAB29	breast
RAB29	bronchus
RAB29	caudate
RAB29	stomach 1
RAB29	cerebellum
RAB29	cerebellum
RAB29	cerebellum
RAB29	cerebral cortex
RAB29	cerebral cortex
RAB29	cerebral cortex
RAB29	cerebral cortex
RAB29	cervix, uterine
RAB29	cervix, uterine
RAB29	colon
RAB29	colon
RAB29	duodenum
RAB29	caudate
RAB29	endometrium 1
RAB29	endometrium 2
RAB29	endometrium 2
RAB29	epididymis
RAB29	soft tissue 2
RAB29	soft tissue 2
RAB29	soft tissue 2
RAB29	spleen
RAB29	spleen
RAB29	breast
RAB29	ovary
RAB29	ovary
RAB29	testis
RAB29	vagina
RAB29	tonsil
RAB29	kidney
RAB29	kidney
RAB29	liver
RAB29	liver
RAB29	lung
RAB29	bone marrow
RAB29	breast
RAB29	skin 1
RAB29	skin 1
RAB29	skin 1
RAB29	pancreas
RAB29	pancreas
RAB29	parathyroid gland
RAB29	placenta
RAB29	placenta
RAB29	prostate
RAB29	rectum
RAB29	salivary gland
RAB29	seminal vesicle
RAB29	skeletal muscle
RAB29	lymph node
RAB29	lymph node
RAB29	nasopharynx
RAB29	skin 1
RAB29	endometrium 1
RAB29	smooth muscle
RAB29	soft tissue 1
RAB29	soft tissue 1
RAB29	soft tissue 1
RAB29	hippocampus
RAB29	thyroid gland
RAB29	hippocampus
RAB29	lung
RAB29	skin 2
RAB29	oral mucosa
RAB29	small intestine
VAMP8	cerebral cortex
VAMP8	caudate
VAMP8	cerebral cortex
VAMP8	skin 1
VAMP8	cerebral cortex
VAMP8	cervix, uterine
VAMP8	pancreas
VAMP8	pancreas
VAMP8	parathyroid gland
VAMP8	placenta
VAMP8	placenta
VAMP8	prostate
VAMP8	rectum
VAMP8	cerebellum
VAMP8	cerebellum
VAMP8	cerebral cortex
VAMP8	adrenal gland
VAMP8	cerebellum
VAMP8	gallbladder
VAMP8	skin 1
VAMP8	cervix, uterine
VAMP8	colon
VAMP8	colon
VAMP8	duodenum
VAMP8	endometrium 1
VAMP8	endometrium 1
VAMP8	salivary gland
VAMP8	seminal vesicle
VAMP8	skeletal muscle
VAMP8	skin 1
VAMP8	fallopian tube
VAMP8	oral mucosa
VAMP8	heart muscle
VAMP8	hippocampus
VAMP8	hippocampus
VAMP8	kidney
VAMP8	kidney
VAMP8	liver
VAMP8	liver
VAMP8	lung
VAMP8	lung
VAMP8	lymph node
VAMP8	lymph node
VAMP8	nasopharynx
VAMP8	soft tissue 2
VAMP8	ovary
VAMP8	appendix
VAMP8	appendix
VAMP8	bone marrow
VAMP8	breast
VAMP8	breast
VAMP8	breast
VAMP8	bronchus
VAMP8	caudate
VAMP8	endometrium 2
VAMP8	epididymis
VAMP8	esophagus
VAMP8	vagina
VAMP8	soft tissue 2
VAMP8	spleen
VAMP8	spleen
VAMP8	skin 1
VAMP8	skin 2
VAMP8	small intestine
VAMP8	smooth muscle
VAMP8	soft tissue 1
VAMP8	endometrium 2
VAMP8	tonsil
VAMP8	tonsil
VAMP8	urinary bladder
VAMP8	soft tissue 2
VAMP8	soft tissue 2
VAMP8	testis
VAMP8	testis
VAMP8	stomach 1
VAMP8	stomach 2
VAMP8	soft tissue 1
VAMP8	soft tissue 1
VAMP8	thyroid gland
VAMP8	tonsil
VAMP8	soft tissue 1
TARDBP	cerebellum
TARDBP	caudate
TARDBP	cerebellum
TARDBP	skin 1
TARDBP	caudate
TARDBP	salivary gland
TARDBP	appendix
TARDBP	bone marrow
TARDBP	breast
TARDBP	adrenal gland
TARDBP	breast
TARDBP	bronchus
TARDBP	prostate
TARDBP	breast
TARDBP	skeletal muscle
TARDBP	spleen
TARDBP	skin 1
TARDBP	rectum
TARDBP	skin 2
TARDBP	small intestine
TARDBP	smooth muscle
TARDBP	soft tissue 1
TARDBP	soft tissue 1
TARDBP	soft tissue 1
TARDBP	soft tissue 1
TARDBP	soft tissue 2
TARDBP	soft tissue 2
TARDBP	liver
TARDBP	lung
TARDBP	spleen
TARDBP	skin 1
TARDBP	stomach 2
TARDBP	testis
TARDBP	testis
TARDBP	thyroid gland
TARDBP	tonsil
TARDBP	tonsil
TARDBP	tonsil
TARDBP	urinary bladder
TARDBP	vagina
TARDBP	colon
TARDBP	colon
TARDBP	lung
TARDBP	stomach 1
TARDBP	nasopharynx
TARDBP	oral mucosa
TARDBP	ovary
TARDBP	pancreas
TARDBP	pancreas
TARDBP	parathyroid gland
TARDBP	placenta
TARDBP	placenta
TARDBP	cervix, uterine
TARDBP	liver
TARDBP	esophagus
TARDBP	endometrium 2
TARDBP	endometrium 2
TARDBP	skin 1
TARDBP	cerebral cortex
TARDBP	cerebellum
TARDBP	cerebral cortex
TARDBP	cerebral cortex
TARDBP	epididymis
TARDBP	cerebral cortex
TARDBP	cervix, uterine
TARDBP	kidney
TARDBP	heart muscle
TARDBP	lymph node
TARDBP	fallopian tube
TARDBP	colon
TARDBP	hippocampus
TARDBP	hippocampus
TARDBP	gallbladder
TARDBP	lymph node
TARDBP	endometrium 1
TARDBP	kidney
TARDBP	duodenum
TARDBP	endometrium 1
OPTN	appendix
OPTN	bone marrow
OPTN	breast
OPTN	cerebral cortex
OPTN	cerebral cortex
OPTN	appendix
OPTN	cerebral cortex
OPTN	bronchus
OPTN	caudate
OPTN	caudate
OPTN	kidney
OPTN	liver
OPTN	liver
OPTN	adrenal gland
OPTN	thyroid gland
OPTN	endometrium 2
OPTN	epididymis
OPTN	esophagus
OPTN	breast
OPTN	breast
OPTN	cervix, uterine
OPTN	colon
OPTN	colon
OPTN	colon
OPTN	duodenum
OPTN	endometrium 1
OPTN	endometrium 1
OPTN	endometrium 2
OPTN	cerebellum
OPTN	placenta
OPTN	placenta
OPTN	cerebral cortex
OPTN	cervix, uterine
OPTN	soft tissue 2
OPTN	soft tissue 2
OPTN	spleen
OPTN	spleen
OPTN	stomach 1
OPTN	stomach 2
OPTN	testis
OPTN	testis
OPTN	small intestine
OPTN	smooth muscle
OPTN	soft tissue 1
OPTN	prostate
OPTN	lung
OPTN	lung
OPTN	lymph node
OPTN	lymph node
OPTN	nasopharynx
OPTN	oral mucosa
OPTN	ovary
OPTN	cerebellum
OPTN	cerebellum
OPTN	pancreas
OPTN	parathyroid gland
OPTN	seminal vesicle
OPTN	soft tissue 1
OPTN	rectum
OPTN	salivary gland
OPTN	skin 1
OPTN	skeletal muscle
OPTN	skin 1
OPTN	skin 1
OPTN	soft tissue 2
OPTN	skin 1
OPTN	skin 2
OPTN	soft tissue 1
OPTN	hippocampus
OPTN	gallbladder
OPTN	heart muscle
OPTN	hippocampus
OPTN	tonsil
OPTN	kidney
OPTN	vagina
OPTN	pancreas
OPTN	tonsil
OPTN	fallopian tube
OPTN	tonsil
OPTN	urinary bladder
VAMP7	bone marrow
VAMP7	breast
VAMP7	bronchus
VAMP7	appendix
VAMP7	lymph node
VAMP7	lymph node
VAMP7	breast
VAMP7	pancreas
VAMP7	ovary
VAMP7	cervix, uterine
VAMP7	colon
VAMP7	breast
VAMP7	caudate
VAMP7	caudate
VAMP7	cerebellum
VAMP7	cerebellum
VAMP7	cerebellum
VAMP7	cerebral cortex
VAMP7	cerebral cortex
VAMP7	nasopharynx
VAMP7	oral mucosa
VAMP7	cervix, uterine
VAMP7	heart muscle
VAMP7	hippocampus
VAMP7	colon
VAMP7	colon
VAMP7	duodenum
VAMP7	endometrium 1
VAMP7	endometrium 1
VAMP7	endometrium 2
VAMP7	endometrium 2
VAMP7	epididymis
VAMP7	esophagus
VAMP7	fallopian tube
VAMP7	gallbladder
VAMP7	skin 1
VAMP7	skin 2
VAMP7	small intestine
VAMP7	kidney
VAMP7	kidney
VAMP7	liver
VAMP7	liver
VAMP7	lung
VAMP7	lung
VAMP7	adrenal gland
VAMP7	appendix
VAMP7	cerebral cortex
VAMP7	cerebral cortex
VAMP7	spleen
VAMP7	stomach 1
VAMP7	stomach 2
VAMP7	smooth muscle
VAMP7	soft tissue 1
VAMP7	pancreas
VAMP7	parathyroid gland
VAMP7	placenta
VAMP7	prostate
VAMP7	rectum
VAMP7	salivary gland
VAMP7	soft tissue 2
VAMP7	spleen
VAMP7	skeletal muscle
VAMP7	skin 1
VAMP7	skin 1
VAMP7	hippocampus
VAMP7	thyroid gland
VAMP7	soft tissue 1
VAMP7	soft tissue 1
VAMP7	soft tissue 1
VAMP7	soft tissue 2
VAMP7	soft tissue 2
VAMP7	soft tissue 2
VAMP7	tonsil
VAMP7	seminal vesicle
VAMP7	testis
VAMP7	tonsil
VAMP7	testis
VAMP7	skin 1
VAMP7	urinary bladder
VAMP7	vagina
VAMP7	tonsil
BECN1	breast
BECN1	adrenal gland
BECN1	appendix
BECN1	appendix
BECN1	bone marrow
BECN1	breast
BECN1	breast
BECN1	bronchus
BECN1	parathyroid gland
BECN1	placenta
BECN1	prostate
BECN1	caudate
BECN1	rectum
BECN1	salivary gland
BECN1	seminal vesicle
BECN1	skeletal muscle
BECN1	skin 1
BECN1	skin 1
BECN1	skin 1
BECN1	ovary
BECN1	ovary
BECN1	pancreas
BECN1	caudate
BECN1	smooth muscle
BECN1	soft tissue 1
BECN1	soft tissue 1
BECN1	soft tissue 1
BECN1	soft tissue 2
BECN1	soft tissue 2
BECN1	spleen
BECN1	spleen
BECN1	stomach 1
BECN1	stomach 2
BECN1	testis
BECN1	testis
BECN1	thyroid gland
BECN1	pancreas
BECN1	kidney
BECN1	liver
BECN1	liver
BECN1	lung
BECN1	lung
BECN1	lymph node
BECN1	lymph node
BECN1	nasopharynx
BECN1	oral mucosa
BECN1	cerebral cortex
BECN1	skin 1
BECN1	skin 2
BECN1	small intestine
BECN1	colon
BECN1	colon
BECN1	duodenum
BECN1	endometrium 1
BECN1	cerebellum
BECN1	cerebellum
BECN1	cerebellum
BECN1	cerebral cortex
BECN1	cerebral cortex
BECN1	fallopian tube
BECN1	gallbladder
BECN1	heart muscle
BECN1	hippocampus
BECN1	hippocampus
BECN1	kidney
BECN1	endometrium 2
BECN1	tonsil
BECN1	endometrium 1
BECN1	endometrium 2
BECN1	colon
BECN1	epididymis
BECN1	esophagus
BECN1	cervix, uterine
BECN1	tonsil
BECN1	cerebral cortex
BECN1	cervix, uterine
BECN1	tonsil
BECN1	urinary bladder
BECN1	vagina
ATG14	lung
ATG14	skin 1
ATG14	skin 1
ATG14	adrenal gland
ATG14	appendix
ATG14	appendix
ATG14	bone marrow
ATG14	breast
ATG14	breast
ATG14	bronchus
ATG14	caudate
ATG14	caudate
ATG14	seminal vesicle
ATG14	cerebellum
ATG14	skeletal muscle
ATG14	cerebellum
ATG14	cerebellum
ATG14	skin 1
ATG14	skin 1
ATG14	skin 2
ATG14	small intestine
ATG14	smooth muscle
ATG14	breast
ATG14	placenta
ATG14	prostate
ATG14	rectum
ATG14	soft tissue 1
ATG14	soft tissue 2
ATG14	soft tissue 2
ATG14	soft tissue 2
ATG14	spleen
ATG14	spleen
ATG14	stomach 1
ATG14	stomach 2
ATG14	testis
ATG14	testis
ATG14	thyroid gland
ATG14	tonsil
ATG14	tonsil
ATG14	tonsil
ATG14	urinary bladder
ATG14	lymph node
ATG14	lymph node
ATG14	nasopharynx
ATG14	oral mucosa
ATG14	ovary
ATG14	ovary
ATG14	pancreas
ATG14	pancreas
ATG14	parathyroid gland
ATG14	cervix, uterine
ATG14	soft tissue 1
ATG14	soft tissue 1
ATG14	salivary gland
ATG14	endometrium 1
ATG14	endometrium 1
ATG14	endometrium 2
ATG14	endometrium 2
ATG14	cerebral cortex
ATG14	cerebral cortex
ATG14	cerebral cortex
ATG14	cerebral cortex
ATG14	cervix, uterine
ATG14	hippocampus
ATG14	hippocampus
ATG14	kidney
ATG14	duodenum
ATG14	liver
ATG14	liver
ATG14	lung
ATG14	vagina
ATG14	epididymis
ATG14	esophagus
ATG14	fallopian tube
ATG14	gallbladder
ATG14	heart muscle
ATG14	colon
ATG14	colon
ATG14	kidney
ATG14	colon
TMEM175	rectum
TMEM175	skeletal muscle
TMEM175	salivary gland
TMEM175	seminal vesicle
TMEM175	appendix
TMEM175	appendix
TMEM175	bone marrow
TMEM175	cerebral cortex
TMEM175	breast
TMEM175	bronchus
TMEM175	caudate
TMEM175	breast
TMEM175	cerebellum
TMEM175	cerebellum
TMEM175	prostate
TMEM175	caudate
TMEM175	adrenal gland
TMEM175	cerebral cortex
TMEM175	cerebral cortex
TMEM175	cervix, uterine
TMEM175	cervix, uterine
TMEM175	colon
TMEM175	breast
TMEM175	pancreas
TMEM175	parathyroid gland
TMEM175	placenta
TMEM175	placenta
TMEM175	endometrium 1
TMEM175	cerebellum
TMEM175	cerebral cortex
TMEM175	epididymis
TMEM175	esophagus
TMEM175	fallopian tube
TMEM175	gallbladder
TMEM175	heart muscle
TMEM175	hippocampus
TMEM175	hippocampus
TMEM175	kidney
TMEM175	kidney
TMEM175	liver
TMEM175	liver
TMEM175	endometrium 2
TMEM175	endometrium 2
TMEM175	lung
TMEM175	lung
TMEM175	lymph node
TMEM175	lymph node
TMEM175	nasopharynx
TMEM175	oral mucosa
TMEM175	ovary
TMEM175	pancreas
TMEM175	colon
TMEM175	duodenum
TMEM175	endometrium 1
TMEM175	soft tissue 1
TMEM175	soft tissue 2
TMEM175	soft tissue 2
TMEM175	skin 1
TMEM175	skin 1
TMEM175	skin 1
TMEM175	skin 1
TMEM175	skin 2
TMEM175	small intestine
TMEM175	colon
TMEM175	thyroid gland
TMEM175	tonsil
TMEM175	tonsil
TMEM175	tonsil
TMEM175	urinary bladder
TMEM175	vagina
TMEM175	soft tissue 2
TMEM175	spleen
TMEM175	spleen
TMEM175	stomach 1
TMEM175	stomach 2
TMEM175	testis
TMEM175	testis
TMEM175	smooth muscle
TMEM175	soft tissue 1
TMEM175	soft tissue 1
TMEM175	soft tissue 1
BLOC1S1	appendix
BLOC1S1	bone marrow
BLOC1S1	breast
BLOC1S1	breast
BLOC1S1	breast
BLOC1S1	bronchus
BLOC1S1	caudate
BLOC1S1	cerebellum
BLOC1S1	cerebellum
BLOC1S1	cerebellum
BLOC1S1	cerebral cortex
BLOC1S1	cerebral cortex
BLOC1S1	cerebral cortex
BLOC1S1	salivary gland
BLOC1S1	cervix, uterine
BLOC1S1	cervix, uterine
BLOC1S1	colon
BLOC1S1	colon
BLOC1S1	colon
BLOC1S1	duodenum
BLOC1S1	caudate
BLOC1S1	parathyroid gland
BLOC1S1	placenta
BLOC1S1	placenta
BLOC1S1	prostate
BLOC1S1	rectum
BLOC1S1	esophagus
BLOC1S1	fallopian tube
BLOC1S1	gallbladder
BLOC1S1	heart muscle
BLOC1S1	hippocampus
BLOC1S1	hippocampus
BLOC1S1	kidney
BLOC1S1	kidney
BLOC1S1	liver
BLOC1S1	liver
BLOC1S1	lung
BLOC1S1	lung
BLOC1S1	epididymis
BLOC1S1	adrenal gland
BLOC1S1	appendix
BLOC1S1	cerebral cortex
BLOC1S1	lymph node
BLOC1S1	lymph node
BLOC1S1	nasopharynx
BLOC1S1	oral mucosa
BLOC1S1	ovary
BLOC1S1	pancreas
BLOC1S1	pancreas
BLOC1S1	endometrium 1
BLOC1S1	endometrium 2
BLOC1S1	endometrium 2
BLOC1S1	soft tissue 1
BLOC1S1	soft tissue 1
BLOC1S1	soft tissue 2
BLOC1S1	seminal vesicle
BLOC1S1	skeletal muscle
BLOC1S1	skin 1
BLOC1S1	skin 1
BLOC1S1	skin 1
BLOC1S1	skin 1
BLOC1S1	endometrium 1
BLOC1S1	thyroid gland
BLOC1S1	tonsil
BLOC1S1	tonsil
BLOC1S1	tonsil
BLOC1S1	urinary bladder
BLOC1S1	vagina
BLOC1S1	soft tissue 2
BLOC1S1	spleen
BLOC1S1	spleen
BLOC1S1	stomach 1
BLOC1S1	stomach 2
BLOC1S1	testis
BLOC1S1	testis
BLOC1S1	skin 2
BLOC1S1	small intestine
BLOC1S1	smooth muscle
BLOC1S1	soft tissue 1
STX6	cerebellum
STX6	cerebellum
STX6	breast
STX6	breast
STX6	breast
STX6	bronchus
STX6	caudate
STX6	caudate
STX6	cerebellum
STX6	prostate
STX6	cerebral cortex
STX6	cerebral cortex
STX6	cerebral cortex
STX6	cervix, uterine
STX6	bone marrow
STX6	cervix, uterine
STX6	colon
STX6	colon
STX6	colon
STX6	duodenum
STX6	endometrium 1
STX6	endometrium 1
STX6	endometrium 2
STX6	rectum
STX6	salivary gland
STX6	seminal vesicle
STX6	skeletal muscle
STX6	cerebral cortex
STX6	fallopian tube
STX6	gallbladder
STX6	heart muscle
STX6	hippocampus
STX6	hippocampus
STX6	kidney
STX6	kidney
STX6	liver
STX6	liver
STX6	lung
STX6	lung
STX6	lymph node
STX6	lymph node
STX6	adrenal gland
STX6	appendix
STX6	appendix
STX6	ovary
STX6	pancreas
STX6	pancreas
STX6	parathyroid gland
STX6	placenta
STX6	placenta
STX6	small intestine
STX6	smooth muscle
STX6	endometrium 2
STX6	epididymis
STX6	esophagus
STX6	soft tissue 1
STX6	soft tissue 2
STX6	soft tissue 2
STX6	skin 1
STX6	skin 1
STX6	skin 1
STX6	skin 1
STX6	skin 2
STX6	stomach 2
STX6	testis
STX6	testis
STX6	thyroid gland
STX6	tonsil
STX6	tonsil
STX6	nasopharynx
STX6	oral mucosa
STX6	soft tissue 2
STX6	soft tissue 2
STX6	spleen
STX6	spleen
STX6	stomach 1
STX6	soft tissue 1
STX6	soft tissue 1
STX6	soft tissue 1
STX6	vagina
STX6	urinary bladder
STX6	tonsil
CALCOCO2	epididymis
CALCOCO2	esophagus
CALCOCO2	endometrium 2
CALCOCO2	spleen
CALCOCO2	breast
CALCOCO2	breast
CALCOCO2	bronchus
CALCOCO2	caudate
CALCOCO2	caudate
CALCOCO2	cerebellum
CALCOCO2	cerebellum
CALCOCO2	cerebellum
CALCOCO2	cerebral cortex
CALCOCO2	cerebral cortex
CALCOCO2	fallopian tube
CALCOCO2	bone marrow
CALCOCO2	breast
CALCOCO2	cervix, uterine
CALCOCO2	cervix, uterine
CALCOCO2	colon
CALCOCO2	colon
CALCOCO2	colon
CALCOCO2	duodenum
CALCOCO2	endometrium 1
CALCOCO2	endometrium 1
CALCOCO2	endometrium 2
CALCOCO2	soft tissue 2
CALCOCO2	soft tissue 2
CALCOCO2	soft tissue 2
CALCOCO2	spleen
CALCOCO2	nasopharynx
CALCOCO2	gallbladder
CALCOCO2	heart muscle
CALCOCO2	hippocampus
CALCOCO2	hippocampus
CALCOCO2	kidney
CALCOCO2	kidney
CALCOCO2	liver
CALCOCO2	liver
CALCOCO2	adrenal gland
CALCOCO2	appendix
CALCOCO2	appendix
CALCOCO2	lymph node
CALCOCO2	cerebral cortex
CALCOCO2	oral mucosa
CALCOCO2	ovary
CALCOCO2	ovary
CALCOCO2	pancreas
CALCOCO2	pancreas
CALCOCO2	parathyroid gland
CALCOCO2	placenta
CALCOCO2	prostate
CALCOCO2	rectum
CALCOCO2	salivary gland
CALCOCO2	seminal vesicle
CALCOCO2	cerebral cortex
CALCOCO2	vagina
CALCOCO2	skin 1
CALCOCO2	skin 1
CALCOCO2	skin 1
CALCOCO2	skin 2
CALCOCO2	small intestine
CALCOCO2	smooth muscle
CALCOCO2	soft tissue 1
CALCOCO2	soft tissue 1
CALCOCO2	soft tissue 1
CALCOCO2	lung
CALCOCO2	lung
CALCOCO2	lymph node
CALCOCO2	skeletal muscle
CALCOCO2	skin 1
CALCOCO2	testis
CALCOCO2	testis
CALCOCO2	stomach 1
CALCOCO2	stomach 2
CALCOCO2	tonsil
CALCOCO2	thyroid gland
CALCOCO2	tonsil
CALCOCO2	tonsil
CALCOCO2	urinary bladder
STX17	placenta
STX17	skeletal muscle
STX17	ovary
STX17	ovary
STX17	pancreas
STX17	placenta
STX17	parathyroid gland
STX17	breast
STX17	prostate
STX17	pancreas
STX17	salivary gland
STX17	cerebellum
STX17	skin 1
STX17	rectum
STX17	oral mucosa
STX17	skin 1
STX17	skin 2
STX17	small intestine
STX17	smooth muscle
STX17	soft tissue 1
STX17	soft tissue 1
STX17	bronchus
STX17	caudate
STX17	caudate
STX17	soft tissue 2
STX17	soft tissue 2
STX17	skin 1
STX17	skin 1
STX17	stomach 1
STX17	stomach 2
STX17	testis
STX17	testis
STX17	thyroid gland
STX17	tonsil
STX17	tonsil
STX17	tonsil
STX17	urinary bladder
STX17	vagina
STX17	lung
STX17	spleen
STX17	spleen
STX17	adrenal gland
STX17	appendix
STX17	appendix
STX17	bone marrow
STX17	breast
STX17	breast
STX17	cervix, uterine
STX17	colon
STX17	soft tissue 1
STX17	soft tissue 2
STX17	endometrium 1
STX17	seminal vesicle
STX17	endometrium 2
STX17	cerebellum
STX17	cerebellum
STX17	cerebral cortex
STX17	cerebral cortex
STX17	cerebral cortex
STX17	cerebral cortex
STX17	hippocampus
STX17	kidney
STX17	kidney
STX17	liver
STX17	liver
STX17	endometrium 2
STX17	lung
STX17	epididymis
STX17	esophagus
STX17	fallopian tube
STX17	gallbladder
STX17	heart muscle
STX17	hippocampus
STX17	colon
STX17	duodenum
STX17	endometrium 1
STX17	colon
STX17	lymph node
STX17	lymph node
GABARAPL1	kidney
GABARAPL1	adrenal gland
GABARAPL1	appendix
GABARAPL1	heart muscle
GABARAPL1	hippocampus
GABARAPL1	hippocampus
GABARAPL1	gallbladder
GABARAPL1	caudate
GABARAPL1	cerebellum
GABARAPL1	cerebellum
GABARAPL1	cerebellum
GABARAPL1	cerebral cortex
GABARAPL1	cerebral cortex
GABARAPL1	cerebral cortex
GABARAPL1	cerebral cortex
GABARAPL1	cervix, uterine
GABARAPL1	cervix, uterine
GABARAPL1	breast
GABARAPL1	bronchus
GABARAPL1	caudate
GABARAPL1	colon
GABARAPL1	colon
GABARAPL1	duodenum
GABARAPL1	endometrium 1
GABARAPL1	endometrium 1
GABARAPL1	endometrium 2
GABARAPL1	endometrium 2
GABARAPL1	epididymis
GABARAPL1	esophagus
GABARAPL1	fallopian tube
GABARAPL1	spleen
GABARAPL1	spleen
GABARAPL1	stomach 1
GABARAPL1	stomach 2
GABARAPL1	testis
GABARAPL1	kidney
GABARAPL1	liver
GABARAPL1	liver
GABARAPL1	lung
GABARAPL1	lung
GABARAPL1	appendix
GABARAPL1	bone marrow
GABARAPL1	breast
GABARAPL1	breast
GABARAPL1	ovary
GABARAPL1	ovary
GABARAPL1	pancreas
GABARAPL1	pancreas
GABARAPL1	parathyroid gland
GABARAPL1	placenta
GABARAPL1	placenta
GABARAPL1	prostate
GABARAPL1	rectum
GABARAPL1	salivary gland
GABARAPL1	seminal vesicle
GABARAPL1	skeletal muscle
GABARAPL1	skin 1
GABARAPL1	skin 1
GABARAPL1	skin 1
GABARAPL1	colon
GABARAPL1	skin 2
GABARAPL1	small intestine
GABARAPL1	smooth muscle
GABARAPL1	soft tissue 1
GABARAPL1	soft tissue 1
GABARAPL1	soft tissue 1
GABARAPL1	soft tissue 1
GABARAPL1	soft tissue 2
GABARAPL1	soft tissue 2
GABARAPL1	soft tissue 2
GABARAPL1	oral mucosa
GABARAPL1	tonsil
GABARAPL1	testis
GABARAPL1	skin 1
GABARAPL1	tonsil
GABARAPL1	vagina
GABARAPL1	lymph node
GABARAPL1	thyroid gland
GABARAPL1	nasopharynx
GABARAPL1	urinary bladder
GABARAPL1	lymph node
GABARAPL1	tonsil
RAB20	stomach 1
RAB20	spleen
RAB20	adrenal gland
RAB20	appendix
RAB20	appendix
RAB20	tonsil
RAB20	tonsil
RAB20	breast
RAB20	breast
RAB20	bronchus
RAB20	caudate
RAB20	caudate
RAB20	soft tissue 2
RAB20	soft tissue 2
RAB20	spleen
RAB20	cerebral cortex
RAB20	cerebral cortex
RAB20	cerebral cortex
RAB20	bone marrow
RAB20	breast
RAB20	smooth muscle
RAB20	soft tissue 1
RAB20	soft tissue 1
RAB20	soft tissue 1
RAB20	soft tissue 1
RAB20	cerebellum
RAB20	cerebellum
RAB20	cerebellum
RAB20	endometrium 2
RAB20	epididymis
RAB20	esophagus
RAB20	stomach 2
RAB20	testis
RAB20	testis
RAB20	tonsil
RAB20	urinary bladder
RAB20	vagina
RAB20	hippocampus
RAB20	soft tissue 2
RAB20	endometrium 1
RAB20	endometrium 2
RAB20	lung
RAB20	lung
RAB20	nasopharynx
RAB20	ovary
RAB20	pancreas
RAB20	pancreas
RAB20	parathyroid gland
RAB20	placenta
RAB20	placenta
RAB20	prostate
RAB20	rectum
RAB20	salivary gland
RAB20	seminal vesicle
RAB20	skeletal muscle
RAB20	skin 1
RAB20	skin 1
RAB20	skin 1
RAB20	cerebral cortex
RAB20	cervix, uterine
RAB20	cervix, uterine
RAB20	colon
RAB20	colon
RAB20	colon
RAB20	duodenum
RAB20	endometrium 1
RAB20	kidney
RAB20	kidney
RAB20	liver
RAB20	liver
RAB20	thyroid gland
RAB20	gallbladder
RAB20	skin 1
RAB20	skin 2
RAB20	hippocampus
RAB20	small intestine
RAB20	heart muscle
RAB20	fallopian tube
MAP1LC3B	esophagus
MAP1LC3B	appendix
MAP1LC3B	epididymis
MAP1LC3B	breast
MAP1LC3B	breast
MAP1LC3B	bronchus
MAP1LC3B	breast
MAP1LC3B	endometrium 1
MAP1LC3B	endometrium 1
MAP1LC3B	endometrium 2
MAP1LC3B	endometrium 2
MAP1LC3B	adrenal gland
MAP1LC3B	appendix
MAP1LC3B	cerebral cortex
MAP1LC3B	bone marrow
MAP1LC3B	cerebral cortex
MAP1LC3B	cerebral cortex
MAP1LC3B	cervix, uterine
MAP1LC3B	cervix, uterine
MAP1LC3B	caudate
MAP1LC3B	caudate
MAP1LC3B	cerebellum
MAP1LC3B	cerebellum
MAP1LC3B	soft tissue 1
MAP1LC3B	soft tissue 1
MAP1LC3B	soft tissue 1
MAP1LC3B	soft tissue 2
MAP1LC3B	cerebral cortex
MAP1LC3B	fallopian tube
MAP1LC3B	gallbladder
MAP1LC3B	heart muscle
MAP1LC3B	hippocampus
MAP1LC3B	colon
MAP1LC3B	colon
MAP1LC3B	duodenum
MAP1LC3B	soft tissue 1
MAP1LC3B	liver
MAP1LC3B	lung
MAP1LC3B	lung
MAP1LC3B	lymph node
MAP1LC3B	lymph node
MAP1LC3B	nasopharynx
MAP1LC3B	oral mucosa
MAP1LC3B	ovary
MAP1LC3B	ovary
MAP1LC3B	pancreas
MAP1LC3B	pancreas
MAP1LC3B	parathyroid gland
MAP1LC3B	placenta
MAP1LC3B	placenta
MAP1LC3B	prostate
MAP1LC3B	rectum
MAP1LC3B	cerebellum
MAP1LC3B	seminal vesicle
MAP1LC3B	skeletal muscle
MAP1LC3B	skin 1
MAP1LC3B	skin 1
MAP1LC3B	skin 1
MAP1LC3B	skin 1
MAP1LC3B	skin 2
MAP1LC3B	small intestine
MAP1LC3B	smooth muscle
MAP1LC3B	liver
MAP1LC3B	tonsil
MAP1LC3B	tonsil
MAP1LC3B	tonsil
MAP1LC3B	urinary bladder
MAP1LC3B	vagina
MAP1LC3B	soft tissue 2
MAP1LC3B	soft tissue 2
MAP1LC3B	spleen
MAP1LC3B	spleen
MAP1LC3B	hippocampus
MAP1LC3B	kidney
MAP1LC3B	kidney
MAP1LC3B	testis
MAP1LC3B	testis
MAP1LC3B	thyroid gland
MAP1LC3B	stomach 1
MAP1LC3B	salivary gland
MAP1LC3B	stomach 2
OSBPL1A	skin 1
OSBPL1A	skin 2
OSBPL1A	skin 1
OSBPL1A	adrenal gland
OSBPL1A	appendix
OSBPL1A	appendix
OSBPL1A	skin 1
OSBPL1A	soft tissue 1
OSBPL1A	placenta
OSBPL1A	placenta
OSBPL1A	prostate
OSBPL1A	rectum
OSBPL1A	salivary gland
OSBPL1A	seminal vesicle
OSBPL1A	skeletal muscle
OSBPL1A	skin 1
OSBPL1A	cerebral cortex
OSBPL1A	cerebral cortex
OSBPL1A	cerebral cortex
OSBPL1A	small intestine
OSBPL1A	cervix, uterine
OSBPL1A	smooth muscle
OSBPL1A	soft tissue 1
OSBPL1A	soft tissue 2
OSBPL1A	soft tissue 2
OSBPL1A	soft tissue 2
OSBPL1A	spleen
OSBPL1A	spleen
OSBPL1A	stomach 1
OSBPL1A	stomach 2
OSBPL1A	testis
OSBPL1A	testis
OSBPL1A	cerebral cortex
OSBPL1A	thyroid gland
OSBPL1A	tonsil
OSBPL1A	tonsil
OSBPL1A	tonsil
OSBPL1A	urinary bladder
OSBPL1A	vagina
OSBPL1A	lung
OSBPL1A	lymph node
OSBPL1A	lymph node
OSBPL1A	nasopharynx
OSBPL1A	oral mucosa
OSBPL1A	ovary
OSBPL1A	ovary
OSBPL1A	bone marrow
OSBPL1A	breast
OSBPL1A	breast
OSBPL1A	breast
OSBPL1A	bronchus
OSBPL1A	caudate
OSBPL1A	caudate
OSBPL1A	cerebellum
OSBPL1A	cerebellum
OSBPL1A	cerebellum
OSBPL1A	endometrium 1
OSBPL1A	endometrium 2
OSBPL1A	endometrium 2
OSBPL1A	esophagus
OSBPL1A	hippocampus
OSBPL1A	kidney
OSBPL1A	soft tissue 1
OSBPL1A	cervix, uterine
OSBPL1A	colon
OSBPL1A	colon
OSBPL1A	colon
OSBPL1A	duodenum
OSBPL1A	endometrium 1
OSBPL1A	pancreas
OSBPL1A	pancreas
OSBPL1A	kidney
OSBPL1A	liver
OSBPL1A	liver
OSBPL1A	lung
OSBPL1A	fallopian tube
OSBPL1A	parathyroid gland
OSBPL1A	heart muscle
OSBPL1A	hippocampus
OSBPL1A	gallbladder
RPTOR	liver
RPTOR	heart muscle
RPTOR	pancreas
RPTOR	hippocampus
RPTOR	hippocampus
RPTOR	kidney
RPTOR	kidney
RPTOR	placenta
RPTOR	placenta
RPTOR	prostate
RPTOR	rectum
RPTOR	salivary gland
RPTOR	seminal vesicle
RPTOR	skeletal muscle
RPTOR	skin 1
RPTOR	skin 1
RPTOR	skin 1
RPTOR	skin 1
RPTOR	skin 2
RPTOR	colon
RPTOR	duodenum
RPTOR	endometrium 1
RPTOR	endometrium 1
RPTOR	endometrium 2
RPTOR	endometrium 2
RPTOR	epididymis
RPTOR	esophagus
RPTOR	fallopian tube
RPTOR	gallbladder
RPTOR	spleen
RPTOR	stomach 1
RPTOR	stomach 2
RPTOR	testis
RPTOR	testis
RPTOR	liver
RPTOR	lung
RPTOR	lung
RPTOR	lymph node
RPTOR	lymph node
RPTOR	nasopharynx
RPTOR	oral mucosa
RPTOR	ovary
RPTOR	vagina
RPTOR	appendix
RPTOR	appendix
RPTOR	pancreas
RPTOR	parathyroid gland
RPTOR	breast
RPTOR	bronchus
RPTOR	caudate
RPTOR	caudate
RPTOR	cerebellum
RPTOR	cerebellum
RPTOR	cerebellum
RPTOR	cerebral cortex
RPTOR	cerebral cortex
RPTOR	cerebral cortex
RPTOR	cerebral cortex
RPTOR	cervix, uterine
RPTOR	cervix, uterine
RPTOR	colon
RPTOR	colon
RPTOR	soft tissue 1
RPTOR	soft tissue 1
RPTOR	soft tissue 1
RPTOR	soft tissue 1
RPTOR	soft tissue 2
RPTOR	soft tissue 2
RPTOR	soft tissue 2
RPTOR	spleen
RPTOR	breast
RPTOR	smooth muscle
RPTOR	bone marrow
RPTOR	breast
RPTOR	tonsil
RPTOR	tonsil
RPTOR	tonsil
RPTOR	thyroid gland
RPTOR	adrenal gland
RPTOR	small intestine
RPTOR	urinary bladder
CACNA1A	cervix, uterine
CACNA1A	lymph node
CACNA1A	cervix, uterine
CACNA1A	cerebral cortex
CACNA1A	colon
CACNA1A	nasopharynx
CACNA1A	oral mucosa
CACNA1A	colon
CACNA1A	cerebellum
CACNA1A	cerebellum
CACNA1A	cerebellum
CACNA1A	cerebral cortex
CACNA1A	cerebral cortex
CACNA1A	cerebral cortex
CACNA1A	skeletal muscle
CACNA1A	skin 1
CACNA1A	ovary
CACNA1A	ovary
CACNA1A	duodenum
CACNA1A	caudate
CACNA1A	caudate
CACNA1A	endometrium 1
CACNA1A	endometrium 2
CACNA1A	endometrium 2
CACNA1A	epididymis
CACNA1A	esophagus
CACNA1A	fallopian tube
CACNA1A	gallbladder
CACNA1A	heart muscle
CACNA1A	skin 1
CACNA1A	skin 1
CACNA1A	skin 1
CACNA1A	colon
CACNA1A	endometrium 1
CACNA1A	kidney
CACNA1A	liver
CACNA1A	liver
CACNA1A	lung
CACNA1A	lung
CACNA1A	lymph node
CACNA1A	adrenal gland
CACNA1A	appendix
CACNA1A	appendix
CACNA1A	bone marrow
CACNA1A	breast
CACNA1A	breast
CACNA1A	breast
CACNA1A	bronchus
CACNA1A	parathyroid gland
CACNA1A	placenta
CACNA1A	placenta
CACNA1A	prostate
CACNA1A	rectum
CACNA1A	salivary gland
CACNA1A	seminal vesicle
CACNA1A	soft tissue 2
CACNA1A	soft tissue 2
CACNA1A	spleen
CACNA1A	hippocampus
CACNA1A	hippocampus
CACNA1A	kidney
CACNA1A	skin 2
CACNA1A	small intestine
CACNA1A	smooth muscle
CACNA1A	soft tissue 1
CACNA1A	soft tissue 1
CACNA1A	soft tissue 1
CACNA1A	soft tissue 2
CACNA1A	vagina
CACNA1A	pancreas
CACNA1A	testis
CACNA1A	testis
CACNA1A	spleen
CACNA1A	tonsil
CACNA1A	tonsil
CACNA1A	tonsil
CACNA1A	thyroid gland
CACNA1A	stomach 1
CACNA1A	pancreas
CACNA1A	urinary bladder
CACNA1A	stomach 2
SNAPIN	appendix
SNAPIN	breast
SNAPIN	ovary
SNAPIN	appendix
SNAPIN	bone marrow
SNAPIN	breast
SNAPIN	bronchus
SNAPIN	caudate
SNAPIN	caudate
SNAPIN	cerebellum
SNAPIN	cerebellum
SNAPIN	adrenal gland
SNAPIN	lymph node
SNAPIN	nasopharynx
SNAPIN	oral mucosa
SNAPIN	cerebral cortex
SNAPIN	ovary
SNAPIN	breast
SNAPIN	colon
SNAPIN	colon
SNAPIN	duodenum
SNAPIN	endometrium 1
SNAPIN	endometrium 1
SNAPIN	endometrium 2
SNAPIN	endometrium 2
SNAPIN	epididymis
SNAPIN	esophagus
SNAPIN	fallopian tube
SNAPIN	gallbladder
SNAPIN	cervix, uterine
SNAPIN	cervix, uterine
SNAPIN	testis
SNAPIN	thyroid gland
SNAPIN	tonsil
SNAPIN	tonsil
SNAPIN	tonsil
SNAPIN	urinary bladder
SNAPIN	vagina
SNAPIN	lymph node
SNAPIN	cerebral cortex
SNAPIN	cerebral cortex
SNAPIN	cerebral cortex
SNAPIN	skin 1
SNAPIN	skin 1
SNAPIN	skin 1
SNAPIN	pancreas
SNAPIN	pancreas
SNAPIN	parathyroid gland
SNAPIN	placenta
SNAPIN	placenta
SNAPIN	prostate
SNAPIN	cerebellum
SNAPIN	soft tissue 2
SNAPIN	soft tissue 2
SNAPIN	spleen
SNAPIN	spleen
SNAPIN	heart muscle
SNAPIN	hippocampus
SNAPIN	skin 2
SNAPIN	small intestine
SNAPIN	smooth muscle
SNAPIN	soft tissue 1
SNAPIN	soft tissue 1
SNAPIN	soft tissue 1
SNAPIN	soft tissue 1
SNAPIN	rectum
SNAPIN	salivary gland
SNAPIN	seminal vesicle
SNAPIN	skeletal muscle
SNAPIN	skin 1
SNAPIN	stomach 1
SNAPIN	hippocampus
SNAPIN	kidney
SNAPIN	kidney
SNAPIN	liver
SNAPIN	liver
SNAPIN	lung
SNAPIN	lung
SNAPIN	stomach 2
SNAPIN	testis
SNAP47	endometrium 2
SNAP47	duodenum
SNAP47	endometrium 1
SNAP47	breast
SNAP47	breast
SNAP47	bronchus
SNAP47	caudate
SNAP47	caudate
SNAP47	cerebellum
SNAP47	cerebellum
SNAP47	cerebellum
SNAP47	endometrium 1
SNAP47	cerebral cortex
SNAP47	endometrium 2
SNAP47	bone marrow
SNAP47	breast
SNAP47	skeletal muscle
SNAP47	cerebral cortex
SNAP47	cerebral cortex
SNAP47	cervix, uterine
SNAP47	cervix, uterine
SNAP47	colon
SNAP47	colon
SNAP47	colon
SNAP47	cerebral cortex
SNAP47	soft tissue 1
SNAP47	soft tissue 1
SNAP47	soft tissue 2
SNAP47	soft tissue 2
SNAP47	epididymis
SNAP47	esophagus
SNAP47	fallopian tube
SNAP47	gallbladder
SNAP47	heart muscle
SNAP47	hippocampus
SNAP47	hippocampus
SNAP47	kidney
SNAP47	soft tissue 1
SNAP47	adrenal gland
SNAP47	appendix
SNAP47	appendix
SNAP47	lung
SNAP47	lymph node
SNAP47	lymph node
SNAP47	nasopharynx
SNAP47	oral mucosa
SNAP47	ovary
SNAP47	pancreas
SNAP47	pancreas
SNAP47	parathyroid gland
SNAP47	placenta
SNAP47	placenta
SNAP47	prostate
SNAP47	rectum
SNAP47	salivary gland
SNAP47	seminal vesicle
SNAP47	vagina
SNAP47	skin 1
SNAP47	skin 1
SNAP47	skin 1
SNAP47	skin 1
SNAP47	skin 2
SNAP47	small intestine
SNAP47	smooth muscle
SNAP47	kidney
SNAP47	liver
SNAP47	liver
SNAP47	lung
SNAP47	urinary bladder
SNAP47	tonsil
SNAP47	soft tissue 2
SNAP47	soft tissue 2
SNAP47	spleen
SNAP47	spleen
SNAP47	stomach 1
SNAP47	stomach 2
SNAP47	testis
SNAP47	tonsil
SNAP47	testis
SNAP47	thyroid gland
SNAP47	tonsil
RUBCN	adrenal gland
RUBCN	appendix
RUBCN	bone marrow
RUBCN	breast
RUBCN	breast
RUBCN	breast
RUBCN	bronchus
RUBCN	caudate
RUBCN	urinary bladder
RUBCN	vagina
RUBCN	lung
RUBCN	lung
RUBCN	lymph node
RUBCN	appendix
RUBCN	cerebral cortex
RUBCN	cerebral cortex
RUBCN	cervix, uterine
RUBCN	cervix, uterine
RUBCN	colon
RUBCN	colon
RUBCN	colon
RUBCN	duodenum
RUBCN	endometrium 1
RUBCN	endometrium 1
RUBCN	endometrium 2
RUBCN	cerebral cortex
RUBCN	cerebral cortex
RUBCN	stomach 1
RUBCN	stomach 2
RUBCN	testis
RUBCN	testis
RUBCN	thyroid gland
RUBCN	tonsil
RUBCN	tonsil
RUBCN	tonsil
RUBCN	liver
RUBCN	liver
RUBCN	cerebellum
RUBCN	cerebellum
RUBCN	salivary gland
RUBCN	seminal vesicle
RUBCN	lymph node
RUBCN	nasopharynx
RUBCN	oral mucosa
RUBCN	ovary
RUBCN	ovary
RUBCN	pancreas
RUBCN	pancreas
RUBCN	caudate
RUBCN	cerebellum
RUBCN	soft tissue 1
RUBCN	soft tissue 2
RUBCN	endometrium 2
RUBCN	epididymis
RUBCN	skeletal muscle
RUBCN	skin 1
RUBCN	skin 1
RUBCN	skin 1
RUBCN	skin 1
RUBCN	skin 2
RUBCN	small intestine
RUBCN	smooth muscle
RUBCN	soft tissue 1
RUBCN	placenta
RUBCN	placenta
RUBCN	prostate
RUBCN	rectum
RUBCN	esophagus
RUBCN	fallopian tube
RUBCN	gallbladder
RUBCN	heart muscle
RUBCN	hippocampus
RUBCN	hippocampus
RUBCN	kidney
RUBCN	kidney
RUBCN	parathyroid gland
RUBCN	spleen
RUBCN	spleen
RUBCN	soft tissue 2
TIFA	bone marrow
TIFA	breast
TIFA	adrenal gland
TIFA	appendix
TIFA	breast
TIFA	pancreas
TIFA	pancreas
TIFA	breast
TIFA	appendix
TIFA	caudate
TIFA	cerebral cortex
TIFA	cerebral cortex
TIFA	bronchus
TIFA	cerebral cortex
TIFA	cervix, uterine
TIFA	colon
TIFA	cerebral cortex
TIFA	prostate
TIFA	rectum
TIFA	caudate
TIFA	placenta
TIFA	cerebellum
TIFA	cerebellum
TIFA	epididymis
TIFA	esophagus
TIFA	fallopian tube
TIFA	gallbladder
TIFA	heart muscle
TIFA	hippocampus
TIFA	hippocampus
TIFA	kidney
TIFA	kidney
TIFA	liver
TIFA	cerebellum
TIFA	endometrium 2
TIFA	endometrium 2
TIFA	lung
TIFA	lung
TIFA	lymph node
TIFA	nasopharynx
TIFA	oral mucosa
TIFA	ovary
TIFA	small intestine
TIFA	smooth muscle
TIFA	colon
TIFA	duodenum
TIFA	endometrium 1
TIFA	salivary gland
TIFA	seminal vesicle
TIFA	skeletal muscle
TIFA	skin 1
TIFA	skin 1
TIFA	skin 1
TIFA	skin 1
TIFA	skin 2
TIFA	testis
TIFA	thyroid gland
TIFA	tonsil
TIFA	tonsil
TIFA	tonsil
TIFA	endometrium 1
TIFA	soft tissue 2
TIFA	soft tissue 2
TIFA	spleen
TIFA	spleen
TIFA	stomach 1
TIFA	stomach 2
TIFA	testis
TIFA	soft tissue 1
TIFA	urinary bladder
TIFA	vagina
TIFA	soft tissue 1
TIFA	soft tissue 1
TIFA	liver
TIFA	soft tissue 2
INPP5E	bone marrow
INPP5E	appendix
INPP5E	adrenal gland
INPP5E	breast
INPP5E	appendix
INPP5E	breast
INPP5E	breast
INPP5E	caudate
INPP5E	bronchus
INPP5E	caudate
INPP5E	placenta
INPP5E	cerebral cortex
INPP5E	cerebral cortex
INPP5E	cerebral cortex
INPP5E	ovary
INPP5E	ovary
INPP5E	pancreas
INPP5E	pancreas
INPP5E	parathyroid gland
INPP5E	colon
INPP5E	duodenum
INPP5E	cerebellum
INPP5E	cerebellum
INPP5E	cerebral cortex
INPP5E	endometrium 2
INPP5E	epididymis
INPP5E	esophagus
INPP5E	fallopian tube
INPP5E	gallbladder
INPP5E	heart muscle
INPP5E	hippocampus
INPP5E	hippocampus
INPP5E	kidney
INPP5E	kidney
INPP5E	endometrium 1
INPP5E	endometrium 1
INPP5E	endometrium 2
INPP5E	lung
INPP5E	lung
INPP5E	lymph node
INPP5E	nasopharynx
INPP5E	oral mucosa
INPP5E	skeletal muscle
INPP5E	cervix, uterine
INPP5E	cervix, uterine
INPP5E	colon
INPP5E	skin 1
INPP5E	placenta
INPP5E	cerebellum
INPP5E	smooth muscle
INPP5E	soft tissue 1
INPP5E	prostate
INPP5E	rectum
INPP5E	salivary gland
INPP5E	seminal vesicle
INPP5E	spleen
INPP5E	spleen
INPP5E	stomach 1
INPP5E	stomach 2
INPP5E	testis
INPP5E	skin 2
INPP5E	small intestine
INPP5E	liver
INPP5E	liver
INPP5E	soft tissue 1
INPP5E	soft tissue 2
INPP5E	soft tissue 2
INPP5E	soft tissue 2
INPP5E	skin 1
INPP5E	testis
INPP5E	skin 1
INPP5E	skin 1
INPP5E	tonsil
INPP5E	tonsil
INPP5E	thyroid gland
INPP5E	vagina
INPP5E	urinary bladder
INPP5E	tonsil
HSPB8	tonsil
HSPB8	appendix
HSPB8	urinary bladder
HSPB8	adrenal gland
HSPB8	pancreas
HSPB8	tonsil
HSPB8	tonsil
HSPB8	placenta
HSPB8	prostate
HSPB8	rectum
HSPB8	salivary gland
HSPB8	seminal vesicle
HSPB8	skeletal muscle
HSPB8	skin 1
HSPB8	skin 1
HSPB8	skin 1
HSPB8	skin 1
HSPB8	skin 2
HSPB8	parathyroid gland
HSPB8	placenta
HSPB8	soft tissue 1
HSPB8	soft tissue 1
HSPB8	soft tissue 2
HSPB8	soft tissue 2
HSPB8	soft tissue 2
HSPB8	spleen
HSPB8	spleen
HSPB8	stomach 1
HSPB8	stomach 2
HSPB8	testis
HSPB8	testis
HSPB8	thyroid gland
HSPB8	hippocampus
HSPB8	kidney
HSPB8	kidney
HSPB8	vagina
HSPB8	liver
HSPB8	lung
HSPB8	lung
HSPB8	lymph node
HSPB8	lymph node
HSPB8	appendix
HSPB8	bone marrow
HSPB8	breast
HSPB8	breast
HSPB8	breast
HSPB8	bronchus
HSPB8	caudate
HSPB8	caudate
HSPB8	cerebellum
HSPB8	cerebellum
HSPB8	cerebellum
HSPB8	cerebral cortex
HSPB8	cerebral cortex
HSPB8	cerebral cortex
HSPB8	cerebral cortex
HSPB8	cervix, uterine
HSPB8	cervix, uterine
HSPB8	small intestine
HSPB8	smooth muscle
HSPB8	soft tissue 1
HSPB8	duodenum
HSPB8	endometrium 1
HSPB8	endometrium 1
HSPB8	endometrium 2
HSPB8	endometrium 2
HSPB8	epididymis
HSPB8	esophagus
HSPB8	fallopian tube
HSPB8	gallbladder
HSPB8	heart muscle
HSPB8	hippocampus
HSPB8	colon
HSPB8	colon
HSPB8	colon
HSPB8	liver
HSPB8	pancreas
HSPB8	nasopharynx
HSPB8	oral mucosa
HSPB8	ovary
EPG5	nasopharynx
EPG5	oral mucosa
EPG5	testis
EPG5	pancreas
EPG5	placenta
EPG5	ovary
EPG5	pancreas
EPG5	stomach 1
EPG5	stomach 2
EPG5	testis
EPG5	skin 1
EPG5	skin 1
EPG5	skin 1
EPG5	skin 2
EPG5	small intestine
EPG5	smooth muscle
EPG5	soft tissue 1
EPG5	soft tissue 2
EPG5	prostate
EPG5	rectum
EPG5	salivary gland
EPG5	spleen
EPG5	endometrium 1
EPG5	endometrium 2
EPG5	endometrium 2
EPG5	thyroid gland
EPG5	tonsil
EPG5	tonsil
EPG5	urinary bladder
EPG5	vagina
EPG5	hippocampus
EPG5	soft tissue 2
EPG5	soft tissue 2
EPG5	spleen
EPG5	liver
EPG5	lung
EPG5	lung
EPG5	lymph node
EPG5	lymph node
EPG5	adrenal gland
EPG5	appendix
EPG5	appendix
EPG5	bone marrow
EPG5	breast
EPG5	breast
EPG5	breast
EPG5	bronchus
EPG5	caudate
EPG5	seminal vesicle
EPG5	skeletal muscle
EPG5	skin 1
EPG5	cerebellum
EPG5	cerebral cortex
EPG5	cerebral cortex
EPG5	cerebral cortex
EPG5	cerebral cortex
EPG5	cervix, uterine
EPG5	cervix, uterine
EPG5	colon
EPG5	colon
EPG5	duodenum
EPG5	endometrium 1
EPG5	caudate
EPG5	cerebellum
EPG5	cerebellum
EPG5	epididymis
EPG5	esophagus
EPG5	fallopian tube
EPG5	gallbladder
EPG5	heart muscle
EPG5	liver
EPG5	hippocampus
EPG5	kidney
EPG5	kidney
PI4K2A	nasopharynx
PI4K2A	oral mucosa
PI4K2A	ovary
PI4K2A	ovary
PI4K2A	pancreas
PI4K2A	pancreas
PI4K2A	endometrium 1
PI4K2A	endometrium 2
PI4K2A	endometrium 2
PI4K2A	epididymis
PI4K2A	cerebral cortex
PI4K2A	cerebral cortex
PI4K2A	cerebral cortex
PI4K2A	cerebral cortex
PI4K2A	cervix, uterine
PI4K2A	cervix, uterine
PI4K2A	colon
PI4K2A	colon
PI4K2A	colon
PI4K2A	parathyroid gland
PI4K2A	placenta
PI4K2A	placenta
PI4K2A	cerebellum
PI4K2A	soft tissue 1
PI4K2A	esophagus
PI4K2A	fallopian tube
PI4K2A	gallbladder
PI4K2A	heart muscle
PI4K2A	hippocampus
PI4K2A	hippocampus
PI4K2A	kidney
PI4K2A	kidney
PI4K2A	duodenum
PI4K2A	endometrium 1
PI4K2A	smooth muscle
PI4K2A	soft tissue 1
PI4K2A	lung
PI4K2A	lung
PI4K2A	lymph node
PI4K2A	lymph node
PI4K2A	adrenal gland
PI4K2A	appendix
PI4K2A	appendix
PI4K2A	bone marrow
PI4K2A	breast
PI4K2A	breast
PI4K2A	breast
PI4K2A	bronchus
PI4K2A	caudate
PI4K2A	caudate
PI4K2A	cerebellum
PI4K2A	cerebellum
PI4K2A	salivary gland
PI4K2A	seminal vesicle
PI4K2A	skeletal muscle
PI4K2A	skin 1
PI4K2A	skin 1
PI4K2A	skin 1
PI4K2A	skin 1
PI4K2A	skin 2
PI4K2A	small intestine
PI4K2A	liver
PI4K2A	liver
PI4K2A	testis
PI4K2A	testis
PI4K2A	thyroid gland
PI4K2A	tonsil
PI4K2A	soft tissue 1
PI4K2A	soft tissue 2
PI4K2A	soft tissue 2
PI4K2A	soft tissue 2
PI4K2A	soft tissue 2
PI4K2A	spleen
PI4K2A	spleen
PI4K2A	rectum
PI4K2A	stomach 1
PI4K2A	stomach 2
PI4K2A	prostate
PI4K2A	urinary bladder
PI4K2A	vagina
PI4K2A	tonsil
PI4K2A	tonsil
VPS11	heart muscle
VPS11	hippocampus
VPS11	fallopian tube
VPS11	gallbladder
VPS11	lymph node
VPS11	nasopharynx
VPS11	ovary
VPS11	pancreas
VPS11	pancreas
VPS11	parathyroid gland
VPS11	placenta
VPS11	seminal vesicle
VPS11	lymph node
VPS11	cerebral cortex
VPS11	cervix, uterine
VPS11	cervix, uterine
VPS11	colon
VPS11	colon
VPS11	colon
VPS11	duodenum
VPS11	placenta
VPS11	prostate
VPS11	rectum
VPS11	salivary gland
VPS11	epididymis
VPS11	esophagus
VPS11	soft tissue 2
VPS11	spleen
VPS11	spleen
VPS11	hippocampus
VPS11	kidney
VPS11	kidney
VPS11	liver
VPS11	endometrium 1
VPS11	endometrium 1
VPS11	endometrium 2
VPS11	endometrium 2
VPS11	lung
VPS11	lung
VPS11	adrenal gland
VPS11	appendix
VPS11	appendix
VPS11	bone marrow
VPS11	breast
VPS11	breast
VPS11	breast
VPS11	bronchus
VPS11	caudate
VPS11	caudate
VPS11	cerebellum
VPS11	cerebellum
VPS11	cerebellum
VPS11	cerebral cortex
VPS11	cerebral cortex
VPS11	cerebral cortex
VPS11	skin 1
VPS11	skin 1
VPS11	skin 1
VPS11	skin 2
VPS11	small intestine
VPS11	smooth muscle
VPS11	soft tissue 1
VPS11	soft tissue 1
VPS11	soft tissue 1
VPS11	soft tissue 2
VPS11	soft tissue 2
VPS11	urinary bladder
VPS11	vagina
VPS11	skin 1
VPS11	testis
VPS11	testis
VPS11	stomach 1
VPS11	stomach 2
VPS11	tonsil
VPS11	tonsil
VPS11	thyroid gland
VPS11	liver
VPS11	tonsil
VPS11	skeletal muscle
TPCN2	thyroid gland
TPCN2	testis
TPCN2	testis
TPCN2	tonsil
TPCN2	parathyroid gland
TPCN2	placenta
TPCN2	pancreas
TPCN2	pancreas
TPCN2	rectum
TPCN2	salivary gland
TPCN2	placenta
TPCN2	prostate
TPCN2	nasopharynx
TPCN2	oral mucosa
TPCN2	ovary
TPCN2	skin 2
TPCN2	small intestine
TPCN2	smooth muscle
TPCN2	soft tissue 1
TPCN2	soft tissue 1
TPCN2	soft tissue 1
TPCN2	soft tissue 2
TPCN2	soft tissue 2
TPCN2	seminal vesicle
TPCN2	skeletal muscle
TPCN2	skin 1
TPCN2	stomach 1
TPCN2	stomach 2
TPCN2	gallbladder
TPCN2	heart muscle
TPCN2	hippocampus
TPCN2	tonsil
TPCN2	tonsil
TPCN2	urinary bladder
TPCN2	vagina
TPCN2	liver
TPCN2	soft tissue 2
TPCN2	spleen
TPCN2	spleen
TPCN2	adrenal gland
TPCN2	appendix
TPCN2	appendix
TPCN2	bone marrow
TPCN2	breast
TPCN2	breast
TPCN2	breast
TPCN2	bronchus
TPCN2	caudate
TPCN2	caudate
TPCN2	cerebellum
TPCN2	cerebellum
TPCN2	cerebellum
TPCN2	cerebral cortex
TPCN2	skin 1
TPCN2	skin 1
TPCN2	skin 1
TPCN2	cervix, uterine
TPCN2	cervix, uterine
TPCN2	colon
TPCN2	colon
TPCN2	duodenum
TPCN2	endometrium 1
TPCN2	endometrium 1
TPCN2	endometrium 2
TPCN2	endometrium 2
TPCN2	epididymis
TPCN2	esophagus
TPCN2	fallopian tube
TPCN2	cerebral cortex
TPCN2	cerebral cortex
TPCN2	liver
TPCN2	hippocampus
TPCN2	kidney
TPCN2	kidney
TPCN2	lymph node
TPCN2	lymph node
TPCN2	lung
TPCN2	lung
TPCN2	cerebral cortex
BORCS5	adrenal gland
BORCS5	liver
BORCS5	liver
BORCS5	lung
BORCS5	lung
BORCS5	lymph node
BORCS5	breast
BORCS5	breast
BORCS5	appendix
BORCS5	bone marrow
BORCS5	salivary gland
BORCS5	seminal vesicle
BORCS5	skeletal muscle
BORCS5	skin 1
BORCS5	skin 1
BORCS5	nasopharynx
BORCS5	appendix
BORCS5	skin 2
BORCS5	small intestine
BORCS5	smooth muscle
BORCS5	soft tissue 1
BORCS5	soft tissue 1
BORCS5	soft tissue 2
BORCS5	soft tissue 2
BORCS5	spleen
BORCS5	spleen
BORCS5	stomach 1
BORCS5	stomach 2
BORCS5	skin 1
BORCS5	skin 1
BORCS5	tonsil
BORCS5	tonsil
BORCS5	tonsil
BORCS5	urinary bladder
BORCS5	vagina
BORCS5	kidney
BORCS5	kidney
BORCS5	caudate
BORCS5	cerebellum
BORCS5	cerebellum
BORCS5	cerebellum
BORCS5	cerebral cortex
BORCS5	cerebral cortex
BORCS5	oral mucosa
BORCS5	ovary
BORCS5	ovary
BORCS5	pancreas
BORCS5	pancreas
BORCS5	breast
BORCS5	caudate
BORCS5	duodenum
BORCS5	endometrium 1
BORCS5	endometrium 1
BORCS5	endometrium 2
BORCS5	endometrium 2
BORCS5	testis
BORCS5	cerebral cortex
BORCS5	cerebral cortex
BORCS5	cervix, uterine
BORCS5	cervix, uterine
BORCS5	colon
BORCS5	colon
BORCS5	colon
BORCS5	placenta
BORCS5	prostate
BORCS5	rectum
BORCS5	thyroid gland
BORCS5	gallbladder
BORCS5	heart muscle
BORCS5	testis
BORCS5	hippocampus
BORCS5	parathyroid gland
BORCS5	fallopian tube
BORCS5	hippocampus
BORCS5	epididymis
BORCS5	esophagus
BORCS7	skin 1
BORCS7	oral mucosa
BORCS7	ovary
BORCS7	nasopharynx
BORCS7	parathyroid gland
BORCS7	placenta
BORCS7	pancreas
BORCS7	pancreas
BORCS7	skeletal muscle
BORCS7	seminal vesicle
BORCS7	skin 1
BORCS7	skin 1
BORCS7	cerebral cortex
BORCS7	skin 1
BORCS7	skin 2
BORCS7	small intestine
BORCS7	smooth muscle
BORCS7	soft tissue 1
BORCS7	soft tissue 1
BORCS7	prostate
BORCS7	rectum
BORCS7	salivary gland
BORCS7	soft tissue 2
BORCS7	cerebellum
BORCS7	cerebellum
BORCS7	stomach 1
BORCS7	stomach 2
BORCS7	testis
BORCS7	testis
BORCS7	thyroid gland
BORCS7	tonsil
BORCS7	tonsil
BORCS7	urinary bladder
BORCS7	vagina
BORCS7	liver
BORCS7	liver
BORCS7	spleen
BORCS7	spleen
BORCS7	lymph node
BORCS7	adrenal gland
BORCS7	appendix
BORCS7	appendix
BORCS7	bone marrow
BORCS7	breast
BORCS7	breast
BORCS7	breast
BORCS7	bronchus
BORCS7	caudate
BORCS7	caudate
BORCS7	cerebellum
BORCS7	endometrium 2
BORCS7	endometrium 2
BORCS7	epididymis
BORCS7	cerebral cortex
BORCS7	cerebral cortex
BORCS7	cerebral cortex
BORCS7	cervix, uterine
BORCS7	cervix, uterine
BORCS7	colon
BORCS7	colon
BORCS7	soft tissue 1
BORCS7	soft tissue 2
BORCS7	endometrium 1
BORCS7	lung
BORCS7	lung
BORCS7	lymph node
BORCS7	esophagus
BORCS7	fallopian tube
BORCS7	gallbladder
BORCS7	heart muscle
BORCS7	hippocampus
BORCS7	hippocampus
BORCS7	kidney
BORCS7	kidney
BORCS7	colon
BORCS7	duodenum
BORCS7	endometrium 1
TPPP	soft tissue 2
TPPP	spleen
TPPP	spleen
TPPP	pancreas
TPPP	parathyroid gland
TPPP	placenta
TPPP	pancreas
TPPP	soft tissue 2
TPPP	salivary gland
TPPP	seminal vesicle
TPPP	skeletal muscle
TPPP	skin 1
TPPP	skin 1
TPPP	skin 1
TPPP	skin 1
TPPP	skin 2
TPPP	small intestine
TPPP	smooth muscle
TPPP	soft tissue 1
TPPP	soft tissue 2
TPPP	soft tissue 1
TPPP	colon
TPPP	colon
TPPP	colon
TPPP	stomach 1
TPPP	stomach 2
TPPP	testis
TPPP	testis
TPPP	thyroid gland
TPPP	tonsil
TPPP	tonsil
TPPP	tonsil
TPPP	soft tissue 1
TPPP	urinary bladder
TPPP	vagina
TPPP	liver
TPPP	liver
TPPP	lung
TPPP	lung
TPPP	lymph node
TPPP	lymph node
TPPP	ovary
TPPP	adrenal gland
TPPP	appendix
TPPP	appendix
TPPP	bone marrow
TPPP	placenta
TPPP	prostate
TPPP	rectum
TPPP	bronchus
TPPP	caudate
TPPP	caudate
TPPP	cerebellum
TPPP	cerebellum
TPPP	cerebellum
TPPP	cerebral cortex
TPPP	cerebral cortex
TPPP	cerebral cortex
TPPP	cerebral cortex
TPPP	cervix, uterine
TPPP	cervix, uterine
TPPP	kidney
TPPP	hippocampus
TPPP	endometrium 2
TPPP	duodenum
TPPP	endometrium 1
TPPP	endometrium 1
TPPP	fallopian tube
TPPP	endometrium 2
TPPP	epididymis
TPPP	esophagus
TPPP	breast
TPPP	gallbladder
TPPP	kidney
TPPP	breast
TPPP	heart muscle
TPPP	hippocampus
TPPP	breast
ATP2A2	endometrium 2
ATP2A2	epididymis
ATP2A2	breast
ATP2A2	breast
ATP2A2	bronchus
ATP2A2	breast
ATP2A2	caudate
ATP2A2	cerebellum
ATP2A2	cerebellum
ATP2A2	caudate
ATP2A2	endometrium 2
ATP2A2	appendix
ATP2A2	appendix
ATP2A2	bone marrow
ATP2A2	cerebral cortex
ATP2A2	cerebral cortex
ATP2A2	cervix, uterine
ATP2A2	cervix, uterine
ATP2A2	colon
ATP2A2	colon
ATP2A2	colon
ATP2A2	duodenum
ATP2A2	cerebellum
ATP2A2	cerebral cortex
ATP2A2	soft tissue 2
ATP2A2	soft tissue 2
ATP2A2	soft tissue 2
ATP2A2	spleen
ATP2A2	esophagus
ATP2A2	fallopian tube
ATP2A2	gallbladder
ATP2A2	heart muscle
ATP2A2	hippocampus
ATP2A2	hippocampus
ATP2A2	kidney
ATP2A2	endometrium 1
ATP2A2	endometrium 1
ATP2A2	adrenal gland
ATP2A2	lung
ATP2A2	lung
ATP2A2	lymph node
ATP2A2	lymph node
ATP2A2	oral mucosa
ATP2A2	ovary
ATP2A2	ovary
ATP2A2	pancreas
ATP2A2	pancreas
ATP2A2	parathyroid gland
ATP2A2	placenta
ATP2A2	placenta
ATP2A2	prostate
ATP2A2	rectum
ATP2A2	salivary gland
ATP2A2	cerebral cortex
ATP2A2	skin 1
ATP2A2	skin 1
ATP2A2	skin 1
ATP2A2	skin 1
ATP2A2	skin 2
ATP2A2	small intestine
ATP2A2	smooth muscle
ATP2A2	soft tissue 1
ATP2A2	soft tissue 1
ATP2A2	soft tissue 1
ATP2A2	liver
ATP2A2	vagina
ATP2A2	stomach 2
ATP2A2	skeletal muscle
ATP2A2	spleen
ATP2A2	stomach 1
ATP2A2	tonsil
ATP2A2	testis
ATP2A2	testis
ATP2A2	thyroid gland
ATP2A2	urinary bladder
ATP2A2	kidney
ATP2A2	liver
ATP2A2	tonsil
ATP2A2	tonsil
LAMP1	cerebellum
LAMP1	appendix
LAMP1	bone marrow
LAMP1	breast
LAMP1	breast
LAMP1	breast
LAMP1	bronchus
LAMP1	caudate
LAMP1	caudate
LAMP1	cerebellum
LAMP1	cerebellum
LAMP1	cerebral cortex
LAMP1	rectum
LAMP1	salivary gland
LAMP1	seminal vesicle
LAMP1	cerebral cortex
LAMP1	cerebral cortex
LAMP1	cerebral cortex
LAMP1	cervix, uterine
LAMP1	cervix, uterine
LAMP1	colon
LAMP1	colon
LAMP1	colon
LAMP1	placenta
LAMP1	prostate
LAMP1	soft tissue 2
LAMP1	soft tissue 2
LAMP1	spleen
LAMP1	spleen
LAMP1	stomach 1
LAMP1	stomach 2
LAMP1	testis
LAMP1	testis
LAMP1	thyroid gland
LAMP1	tonsil
LAMP1	tonsil
LAMP1	tonsil
LAMP1	urinary bladder
LAMP1	vagina
LAMP1	adrenal gland
LAMP1	appendix
LAMP1	lymph node
LAMP1	lymph node
LAMP1	nasopharynx
LAMP1	oral mucosa
LAMP1	ovary
LAMP1	pancreas
LAMP1	pancreas
LAMP1	parathyroid gland
LAMP1	placenta
LAMP1	duodenum
LAMP1	endometrium 1
LAMP1	endometrium 1
LAMP1	endometrium 2
LAMP1	endometrium 2
LAMP1	skeletal muscle
LAMP1	skin 1
LAMP1	skin 1
LAMP1	skin 1
LAMP1	skin 1
LAMP1	skin 2
LAMP1	small intestine
LAMP1	smooth muscle
LAMP1	kidney
LAMP1	liver
LAMP1	liver
LAMP1	lung
LAMP1	lung
LAMP1	epididymis
LAMP1	esophagus
LAMP1	fallopian tube
LAMP1	gallbladder
LAMP1	heart muscle
LAMP1	hippocampus
LAMP1	hippocampus
LAMP1	kidney
LAMP1	soft tissue 2
LAMP1	soft tissue 1
LAMP1	soft tissue 1
LAMP1	soft tissue 1
TPCN1	appendix
TPCN1	adrenal gland
TPCN1	breast
TPCN1	breast
TPCN1	bone marrow
TPCN1	breast
TPCN1	cerebellum
TPCN1	cerebellum
TPCN1	caudate
TPCN1	caudate
TPCN1	cerebral cortex
TPCN1	appendix
TPCN1	cervix, uterine
TPCN1	cervix, uterine
TPCN1	colon
TPCN1	colon
TPCN1	colon
TPCN1	duodenum
TPCN1	endometrium 1
TPCN1	endometrium 1
TPCN1	endometrium 2
TPCN1	cerebellum
TPCN1	cerebral cortex
TPCN1	esophagus
TPCN1	fallopian tube
TPCN1	gallbladder
TPCN1	heart muscle
TPCN1	hippocampus
TPCN1	hippocampus
TPCN1	kidney
TPCN1	kidney
TPCN1	liver
TPCN1	liver
TPCN1	lung
TPCN1	endometrium 2
TPCN1	epididymis
TPCN1	nasopharynx
TPCN1	oral mucosa
TPCN1	ovary
TPCN1	ovary
TPCN1	pancreas
TPCN1	pancreas
TPCN1	parathyroid gland
TPCN1	placenta
TPCN1	prostate
TPCN1	rectum
TPCN1	salivary gland
TPCN1	seminal vesicle
TPCN1	skeletal muscle
TPCN1	skin 2
TPCN1	small intestine
TPCN1	cerebral cortex
TPCN1	cerebral cortex
TPCN1	smooth muscle
TPCN1	soft tissue 1
TPCN1	soft tissue 1
TPCN1	soft tissue 1
TPCN1	soft tissue 2
TPCN1	soft tissue 2
TPCN1	spleen
TPCN1	spleen
TPCN1	stomach 1
TPCN1	stomach 2
TPCN1	testis
TPCN1	testis
TPCN1	thyroid gland
TPCN1	tonsil
TPCN1	tonsil
TPCN1	urinary bladder
TPCN1	vagina
TPCN1	lung
BLOC1S2	appendix
BLOC1S2	appendix
BLOC1S2	breast
BLOC1S2	bone marrow
BLOC1S2	adrenal gland
BLOC1S2	caudate
BLOC1S2	caudate
BLOC1S2	cerebellum
BLOC1S2	cerebellum
BLOC1S2	cerebellum
BLOC1S2	cerebral cortex
BLOC1S2	cerebral cortex
BLOC1S2	cerebral cortex
BLOC1S2	cerebral cortex
BLOC1S2	cervix, uterine
BLOC1S2	cervix, uterine
BLOC1S2	breast
BLOC1S2	bronchus
BLOC1S2	colon
BLOC1S2	colon
BLOC1S2	duodenum
BLOC1S2	endometrium 1
BLOC1S2	endometrium 1
BLOC1S2	endometrium 2
BLOC1S2	endometrium 2
BLOC1S2	epididymis
BLOC1S2	esophagus
BLOC1S2	fallopian tube
BLOC1S2	gallbladder
BLOC1S2	heart muscle
BLOC1S2	hippocampus
BLOC1S2	hippocampus
BLOC1S2	kidney
BLOC1S2	kidney
BLOC1S2	liver
BLOC1S2	liver
BLOC1S2	lung
BLOC1S2	lung
BLOC1S2	lymph node
BLOC1S2	lymph node
BLOC1S2	nasopharynx
BLOC1S2	breast
BLOC1S2	ovary
BLOC1S2	ovary
BLOC1S2	pancreas
BLOC1S2	pancreas
BLOC1S2	parathyroid gland
BLOC1S2	placenta
BLOC1S2	placenta
BLOC1S2	prostate
BLOC1S2	rectum
BLOC1S2	salivary gland
BLOC1S2	seminal vesicle
BLOC1S2	skeletal muscle
BLOC1S2	skin 1
BLOC1S2	skin 1
BLOC1S2	skin 1
BLOC1S2	colon
BLOC1S2	skin 2
BLOC1S2	small intestine
BLOC1S2	smooth muscle
BLOC1S2	soft tissue 1
BLOC1S2	soft tissue 1
BLOC1S2	soft tissue 1
BLOC1S2	soft tissue 2
BLOC1S2	soft tissue 2
BLOC1S2	soft tissue 2
BLOC1S2	spleen
BLOC1S2	spleen
BLOC1S2	stomach 1
BLOC1S2	stomach 2
BLOC1S2	testis
BLOC1S2	testis
BLOC1S2	thyroid gland
BLOC1S2	tonsil
BLOC1S2	tonsil
BLOC1S2	tonsil
BLOC1S2	urinary bladder
BLOC1S2	vagina
BLOC1S2	skin 1
BLOC1S2	oral mucosa
ATP2A1	rectum
ATP2A1	ovary
ATP2A1	pancreas
ATP2A1	pancreas
ATP2A1	placenta
ATP2A1	placenta
ATP2A1	prostate
ATP2A1	parathyroid gland
ATP2A1	cerebellum
ATP2A1	cerebellum
ATP2A1	cerebral cortex
ATP2A1	cerebellum
ATP2A1	cerebral cortex
ATP2A1	cerebral cortex
ATP2A1	cervix, uterine
ATP2A1	cervix, uterine
ATP2A1	colon
ATP2A1	colon
ATP2A1	colon
ATP2A1	duodenum
ATP2A1	endometrium 1
ATP2A1	endometrium 1
ATP2A1	endometrium 2
ATP2A1	endometrium 2
ATP2A1	cerebral cortex
ATP2A1	fallopian tube
ATP2A1	gallbladder
ATP2A1	heart muscle
ATP2A1	hippocampus
ATP2A1	hippocampus
ATP2A1	kidney
ATP2A1	kidney
ATP2A1	liver
ATP2A1	liver
ATP2A1	lung
ATP2A1	lung
ATP2A1	lymph node
ATP2A1	lymph node
ATP2A1	nasopharynx
ATP2A1	oral mucosa
ATP2A1	adrenal gland
ATP2A1	appendix
ATP2A1	appendix
ATP2A1	bone marrow
ATP2A1	breast
ATP2A1	breast
ATP2A1	breast
ATP2A1	bronchus
ATP2A1	caudate
ATP2A1	salivary gland
ATP2A1	seminal vesicle
ATP2A1	skeletal muscle
ATP2A1	skin 1
ATP2A1	skin 1
ATP2A1	skin 1
ATP2A1	skin 1
ATP2A1	skin 2
ATP2A1	small intestine
ATP2A1	smooth muscle
ATP2A1	soft tissue 1
ATP2A1	soft tissue 1
ATP2A1	soft tissue 1
ATP2A1	soft tissue 2
ATP2A1	soft tissue 2
ATP2A1	epididymis
ATP2A1	esophagus
ATP2A1	spleen
ATP2A1	spleen
ATP2A1	stomach 1
ATP2A1	stomach 2
ATP2A1	testis
ATP2A1	testis
ATP2A1	thyroid gland
ATP2A1	tonsil
ATP2A1	tonsil
ATP2A1	tonsil
ATP2A1	urinary bladder
ATP2A1	vagina
ATP2A1	soft tissue 2
ATP2A1	caudate
BORCS6	oral mucosa
BORCS6	ovary
BORCS6	nasopharynx
BORCS6	breast
BORCS6	bronchus
BORCS6	ovary
BORCS6	caudate
BORCS6	cerebellum
BORCS6	cerebellum
BORCS6	caudate
BORCS6	cerebral cortex
BORCS6	cerebral cortex
BORCS6	cerebral cortex
BORCS6	cerebral cortex
BORCS6	cervix, uterine
BORCS6	cervix, uterine
BORCS6	colon
BORCS6	colon
BORCS6	colon
BORCS6	duodenum
BORCS6	endometrium 1
BORCS6	endometrium 1
BORCS6	cerebellum
BORCS6	epididymis
BORCS6	esophagus
BORCS6	fallopian tube
BORCS6	gallbladder
BORCS6	heart muscle
BORCS6	hippocampus
BORCS6	hippocampus
BORCS6	kidney
BORCS6	kidney
BORCS6	liver
BORCS6	liver
BORCS6	lung
BORCS6	lung
BORCS6	lymph node
BORCS6	lymph node
BORCS6	adrenal gland
BORCS6	appendix
BORCS6	appendix
BORCS6	bone marrow
BORCS6	breast
BORCS6	pancreas
BORCS6	pancreas
BORCS6	parathyroid gland
BORCS6	placenta
BORCS6	placenta
BORCS6	prostate
BORCS6	rectum
BORCS6	salivary gland
BORCS6	seminal vesicle
BORCS6	skeletal muscle
BORCS6	skin 1
BORCS6	skin 1
BORCS6	skin 1
BORCS6	skin 2
BORCS6	small intestine
BORCS6	smooth muscle
BORCS6	soft tissue 1
BORCS6	soft tissue 1
BORCS6	soft tissue 1
BORCS6	endometrium 2
BORCS6	endometrium 2
BORCS6	soft tissue 1
BORCS6	soft tissue 2
BORCS6	soft tissue 2
BORCS6	spleen
BORCS6	spleen
BORCS6	stomach 1
BORCS6	stomach 2
BORCS6	testis
BORCS6	testis
BORCS6	thyroid gland
BORCS6	tonsil
BORCS6	tonsil
BORCS6	tonsil
BORCS6	urinary bladder
BORCS6	vagina
BORCS6	breast
MYO6	breast
MYO6	breast
MYO6	appendix
MYO6	bone marrow
MYO6	caudate
MYO6	caudate
MYO6	breast
MYO6	bronchus
MYO6	cerebellum
MYO6	cerebral cortex
MYO6	appendix
MYO6	cerebral cortex
MYO6	cerebral cortex
MYO6	cervix, uterine
MYO6	cervix, uterine
MYO6	colon
MYO6	colon
MYO6	duodenum
MYO6	endometrium 1
MYO6	cerebellum
MYO6	cerebellum
MYO6	endometrium 2
MYO6	endometrium 2
MYO6	cerebral cortex
MYO6	esophagus
MYO6	fallopian tube
MYO6	gallbladder
MYO6	heart muscle
MYO6	hippocampus
MYO6	hippocampus
MYO6	kidney
MYO6	kidney
MYO6	liver
MYO6	liver
MYO6	lung
MYO6	lung
MYO6	epididymis
MYO6	adrenal gland
MYO6	lymph node
MYO6	nasopharynx
MYO6	oral mucosa
MYO6	ovary
MYO6	pancreas
MYO6	pancreas
MYO6	parathyroid gland
MYO6	placenta
MYO6	prostate
MYO6	rectum
MYO6	salivary gland
MYO6	seminal vesicle
MYO6	skeletal muscle
MYO6	skin 1
MYO6	skin 1
MYO6	skin 1
MYO6	skin 1
MYO6	skin 2
MYO6	small intestine
MYO6	smooth muscle
MYO6	soft tissue 1
MYO6	soft tissue 1
MYO6	endometrium 1
MYO6	soft tissue 1
MYO6	soft tissue 2
MYO6	soft tissue 2
MYO6	soft tissue 2
MYO6	spleen
MYO6	spleen
MYO6	stomach 1
MYO6	stomach 2
MYO6	testis
MYO6	testis
MYO6	thyroid gland
MYO6	tonsil
MYO6	tonsil
MYO6	tonsil
MYO6	urinary bladder
MYO6	vagina
MYO6	lymph node
MYO6	soft tissue 1
MYO1C	appendix
MYO1C	appendix
MYO1C	bone marrow
MYO1C	adrenal gland
MYO1C	breast
MYO1C	breast
MYO1C	bronchus
MYO1C	breast
MYO1C	caudate
MYO1C	cerebellum
MYO1C	cerebellum
MYO1C	caudate
MYO1C	seminal vesicle
MYO1C	skeletal muscle
MYO1C	skin 1
MYO1C	skin 1
MYO1C	skin 1
MYO1C	skin 1
MYO1C	skin 2
MYO1C	small intestine
MYO1C	smooth muscle
MYO1C	soft tissue 1
MYO1C	soft tissue 1
MYO1C	soft tissue 1
MYO1C	soft tissue 2
MYO1C	soft tissue 2
MYO1C	soft tissue 2
MYO1C	spleen
MYO1C	spleen
MYO1C	stomach 1
MYO1C	testis
MYO1C	thyroid gland
MYO1C	tonsil
MYO1C	tonsil
MYO1C	tonsil
MYO1C	urinary bladder
MYO1C	vagina
MYO1C	lung
MYO1C	lung
MYO1C	lymph node
MYO1C	lymph node
MYO1C	nasopharynx
MYO1C	oral mucosa
MYO1C	ovary
MYO1C	ovary
MYO1C	pancreas
MYO1C	pancreas
MYO1C	parathyroid gland
MYO1C	placenta
MYO1C	placenta
MYO1C	prostate
MYO1C	cerebellum
MYO1C	cerebral cortex
MYO1C	cerebral cortex
MYO1C	cerebral cortex
MYO1C	cerebral cortex
MYO1C	cervix, uterine
MYO1C	cervix, uterine
MYO1C	colon
MYO1C	colon
MYO1C	colon
MYO1C	duodenum
MYO1C	endometrium 1
MYO1C	endometrium 1
MYO1C	endometrium 2
MYO1C	endometrium 2
MYO1C	epididymis
MYO1C	esophagus
MYO1C	fallopian tube
MYO1C	gallbladder
MYO1C	stomach 2
MYO1C	testis
MYO1C	hippocampus
MYO1C	kidney
MYO1C	kidney
MYO1C	liver
MYO1C	liver
MYO1C	hippocampus
MYO1C	rectum
MYO1C	salivary gland
MYO1C	heart muscle
UVRAG	nasopharynx
UVRAG	lymph node
UVRAG	pancreas
UVRAG	parathyroid gland
UVRAG	placenta
UVRAG	placenta
UVRAG	prostate
UVRAG	rectum
UVRAG	salivary gland
UVRAG	seminal vesicle
UVRAG	skeletal muscle
UVRAG	skin 1
UVRAG	skin 1
UVRAG	skin 1
UVRAG	ovary
UVRAG	small intestine
UVRAG	smooth muscle
UVRAG	soft tissue 1
UVRAG	soft tissue 1
UVRAG	soft tissue 1
UVRAG	soft tissue 2
UVRAG	soft tissue 2
UVRAG	soft tissue 2
UVRAG	soft tissue 2
UVRAG	spleen
UVRAG	spleen
UVRAG	stomach 1
UVRAG	stomach 2
UVRAG	testis
UVRAG	testis
UVRAG	thyroid gland
UVRAG	tonsil
UVRAG	tonsil
UVRAG	tonsil
UVRAG	urinary bladder
UVRAG	vagina
UVRAG	liver
UVRAG	liver
UVRAG	lung
UVRAG	oral mucosa
UVRAG	ovary
UVRAG	adrenal gland
UVRAG	appendix
UVRAG	appendix
UVRAG	bone marrow
UVRAG	breast
UVRAG	breast
UVRAG	breast
UVRAG	bronchus
UVRAG	caudate
UVRAG	caudate
UVRAG	cerebellum
UVRAG	cerebellum
UVRAG	cerebellum
UVRAG	skin 1
UVRAG	skin 2
UVRAG	cerebral cortex
UVRAG	cerebral cortex
UVRAG	cervix, uterine
UVRAG	colon
UVRAG	colon
UVRAG	colon
UVRAG	duodenum
UVRAG	endometrium 1
UVRAG	endometrium 1
UVRAG	endometrium 2
UVRAG	endometrium 2
UVRAG	epididymis
UVRAG	esophagus
UVRAG	fallopian tube
UVRAG	gallbladder
UVRAG	heart muscle
UVRAG	hippocampus
UVRAG	hippocampus
UVRAG	kidney
UVRAG	kidney
UVRAG	lymph node
UVRAG	cerebral cortex
UVRAG	cerebral cortex
UVRAG	lung
TGM2	soft tissue 2
TGM2	oral mucosa
TGM2	pancreas
TGM2	parathyroid gland
TGM2	placenta
TGM2	placenta
TGM2	prostate
TGM2	rectum
TGM2	salivary gland
TGM2	seminal vesicle
TGM2	skeletal muscle
TGM2	skin 1
TGM2	skin 1
TGM2	skin 1
TGM2	skin 1
TGM2	skin 2
TGM2	small intestine
TGM2	smooth muscle
TGM2	soft tissue 1
TGM2	soft tissue 1
TGM2	soft tissue 1
TGM2	soft tissue 2
TGM2	soft tissue 2
TGM2	endometrium 2
TGM2	epididymis
TGM2	esophagus
TGM2	fallopian tube
TGM2	gallbladder
TGM2	heart muscle
TGM2	hippocampus
TGM2	hippocampus
TGM2	kidney
TGM2	kidney
TGM2	liver
TGM2	liver
TGM2	lung
TGM2	lung
TGM2	lymph node
TGM2	lymph node
TGM2	nasopharynx
TGM2	adrenal gland
TGM2	ovary
TGM2	pancreas
TGM2	bone marrow
TGM2	breast
TGM2	breast
TGM2	breast
TGM2	bronchus
TGM2	caudate
TGM2	caudate
TGM2	cerebellum
TGM2	cerebellum
TGM2	cerebellum
TGM2	cerebral cortex
TGM2	cerebral cortex
TGM2	cerebral cortex
TGM2	cerebral cortex
TGM2	cervix, uterine
TGM2	cervix, uterine
TGM2	colon
TGM2	colon
TGM2	colon
TGM2	duodenum
TGM2	endometrium 1
TGM2	endometrium 1
TGM2	soft tissue 2
TGM2	spleen
TGM2	spleen
TGM2	stomach 1
TGM2	stomach 2
TGM2	testis
TGM2	testis
TGM2	thyroid gland
TGM2	tonsil
TGM2	tonsil
TGM2	tonsil
TGM2	urinary bladder
TGM2	vagina
TGM2	appendix
TGM2	endometrium 2
TGM2	appendix
DCTN1	adrenal gland
DCTN1	breast
DCTN1	breast
DCTN1	caudate
DCTN1	caudate
DCTN1	appendix
DCTN1	bone marrow
DCTN1	cerebellum
DCTN1	cerebral cortex
DCTN1	cerebral cortex
DCTN1	cerebral cortex
DCTN1	cerebral cortex
DCTN1	cervix, uterine
DCTN1	cervix, uterine
DCTN1	breast
DCTN1	bronchus
DCTN1	colon
DCTN1	colon
DCTN1	cerebellum
DCTN1	cerebellum
DCTN1	endometrium 1
DCTN1	endometrium 2
DCTN1	endometrium 2
DCTN1	epididymis
DCTN1	esophagus
DCTN1	fallopian tube
DCTN1	gallbladder
DCTN1	heart muscle
DCTN1	hippocampus
DCTN1	hippocampus
DCTN1	kidney
DCTN1	duodenum
DCTN1	endometrium 1
DCTN1	kidney
DCTN1	liver
DCTN1	liver
DCTN1	lung
DCTN1	lung
DCTN1	lymph node
DCTN1	lymph node
DCTN1	nasopharynx
DCTN1	oral mucosa
DCTN1	ovary
DCTN1	ovary
DCTN1	pancreas
DCTN1	pancreas
DCTN1	placenta
DCTN1	prostate
DCTN1	rectum
DCTN1	salivary gland
DCTN1	seminal vesicle
DCTN1	skeletal muscle
DCTN1	skin 1
DCTN1	skin 1
DCTN1	skin 1
DCTN1	colon
DCTN1	skin 2
DCTN1	small intestine
DCTN1	smooth muscle
DCTN1	soft tissue 1
DCTN1	soft tissue 1
DCTN1	soft tissue 2
DCTN1	soft tissue 2
DCTN1	soft tissue 2
DCTN1	soft tissue 2
DCTN1	spleen
DCTN1	spleen
DCTN1	stomach 1
DCTN1	stomach 2
DCTN1	testis
DCTN1	testis
DCTN1	thyroid gland
DCTN1	tonsil
DCTN1	tonsil
DCTN1	tonsil
DCTN1	urinary bladder
DCTN1	vagina
DCTN1	skin 1
VPS16	nasopharynx
VPS16	ovary
VPS16	pancreas
VPS16	pancreas
VPS16	parathyroid gland
VPS16	rectum
VPS16	salivary gland
VPS16	seminal vesicle
VPS16	skeletal muscle
VPS16	skin 1
VPS16	skin 1
VPS16	skin 1
VPS16	skin 1
VPS16	oral mucosa
VPS16	small intestine
VPS16	smooth muscle
VPS16	soft tissue 1
VPS16	soft tissue 1
VPS16	soft tissue 1
VPS16	soft tissue 1
VPS16	soft tissue 2
VPS16	soft tissue 2
VPS16	spleen
VPS16	spleen
VPS16	stomach 1
VPS16	stomach 2
VPS16	skin 2
VPS16	gallbladder
VPS16	heart muscle
VPS16	hippocampus
VPS16	hippocampus
VPS16	kidney
VPS16	kidney
VPS16	liver
VPS16	liver
VPS16	lung
VPS16	lung
VPS16	lymph node
VPS16	lymph node
VPS16	adrenal gland
VPS16	appendix
VPS16	appendix
VPS16	bone marrow
VPS16	breast
VPS16	breast
VPS16	placenta
VPS16	prostate
VPS16	caudate
VPS16	caudate
VPS16	cerebellum
VPS16	cerebellum
VPS16	cerebellum
VPS16	cerebral cortex
VPS16	cerebral cortex
VPS16	cerebral cortex
VPS16	cerebral cortex
VPS16	cervix, uterine
VPS16	colon
VPS16	colon
VPS16	colon
VPS16	duodenum
VPS16	endometrium 1
VPS16	endometrium 1
VPS16	endometrium 2
VPS16	endometrium 2
VPS16	epididymis
VPS16	esophagus
VPS16	fallopian tube
VPS16	testis
VPS16	testis
VPS16	thyroid gland
VPS16	tonsil
VPS16	tonsil
VPS16	tonsil
VPS16	urinary bladder
VPS16	vagina
VPS16	breast
VPS16	bronchus
PLEKHM1	appendix
PLEKHM1	adrenal gland
PLEKHM1	appendix
PLEKHM1	bronchus
PLEKHM1	caudate
PLEKHM1	caudate
PLEKHM1	cerebellum
PLEKHM1	cerebellum
PLEKHM1	cerebellum
PLEKHM1	cerebral cortex
PLEKHM1	cerebral cortex
PLEKHM1	cerebral cortex
PLEKHM1	cerebral cortex
PLEKHM1	bone marrow
PLEKHM1	breast
PLEKHM1	colon
PLEKHM1	colon
PLEKHM1	colon
PLEKHM1	duodenum
PLEKHM1	endometrium 1
PLEKHM1	endometrium 1
PLEKHM1	endometrium 2
PLEKHM1	endometrium 2
PLEKHM1	epididymis
PLEKHM1	esophagus
PLEKHM1	fallopian tube
PLEKHM1	cervix, uterine
PLEKHM1	cervix, uterine
PLEKHM1	heart muscle
PLEKHM1	hippocampus
PLEKHM1	hippocampus
PLEKHM1	kidney
PLEKHM1	kidney
PLEKHM1	liver
PLEKHM1	liver
PLEKHM1	lung
PLEKHM1	lung
PLEKHM1	lymph node
PLEKHM1	lymph node
PLEKHM1	nasopharynx
PLEKHM1	oral mucosa
PLEKHM1	ovary
PLEKHM1	breast
PLEKHM1	breast
PLEKHM1	pancreas
PLEKHM1	parathyroid gland
PLEKHM1	placenta
PLEKHM1	prostate
PLEKHM1	rectum
PLEKHM1	salivary gland
PLEKHM1	seminal vesicle
PLEKHM1	skeletal muscle
PLEKHM1	skin 1
PLEKHM1	skin 1
PLEKHM1	skin 1
PLEKHM1	skin 1
PLEKHM1	skin 2
PLEKHM1	small intestine
PLEKHM1	smooth muscle
PLEKHM1	soft tissue 1
PLEKHM1	soft tissue 2
PLEKHM1	soft tissue 2
PLEKHM1	soft tissue 2
PLEKHM1	spleen
PLEKHM1	spleen
PLEKHM1	stomach 1
PLEKHM1	stomach 2
PLEKHM1	gallbladder
PLEKHM1	testis
PLEKHM1	thyroid gland
PLEKHM1	tonsil
PLEKHM1	tonsil
PLEKHM1	tonsil
PLEKHM1	urinary bladder
PLEKHM1	vagina
PLEKHM1	pancreas
PLEKHM1	testis
BORCS8	pancreas
BORCS8	adrenal gland
BORCS8	appendix
BORCS8	parathyroid gland
BORCS8	pancreas
BORCS8	prostate
BORCS8	rectum
BORCS8	salivary gland
BORCS8	placenta
BORCS8	skeletal muscle
BORCS8	skin 1
BORCS8	skin 1
BORCS8	skin 1
BORCS8	skin 1
BORCS8	skin 2
BORCS8	small intestine
BORCS8	smooth muscle
BORCS8	soft tissue 1
BORCS8	soft tissue 1
BORCS8	soft tissue 2
BORCS8	soft tissue 2
BORCS8	seminal vesicle
BORCS8	spleen
BORCS8	stomach 1
BORCS8	stomach 2
BORCS8	testis
BORCS8	testis
BORCS8	thyroid gland
BORCS8	tonsil
BORCS8	tonsil
BORCS8	tonsil
BORCS8	urinary bladder
BORCS8	vagina
BORCS8	hippocampus
BORCS8	kidney
BORCS8	kidney
BORCS8	liver
BORCS8	liver
BORCS8	lung
BORCS8	lung
BORCS8	lymph node
BORCS8	lymph node
BORCS8	nasopharynx
BORCS8	appendix
BORCS8	bone marrow
BORCS8	breast
BORCS8	breast
BORCS8	breast
BORCS8	bronchus
BORCS8	caudate
BORCS8	caudate
BORCS8	cerebellum
BORCS8	cerebellum
BORCS8	cerebellum
BORCS8	cerebral cortex
BORCS8	cerebral cortex
BORCS8	cerebral cortex
BORCS8	cerebral cortex
BORCS8	cervix, uterine
BORCS8	colon
BORCS8	colon
BORCS8	soft tissue 2
BORCS8	spleen
BORCS8	endometrium 1
BORCS8	endometrium 1
BORCS8	endometrium 2
BORCS8	endometrium 2
BORCS8	epididymis
BORCS8	esophagus
BORCS8	fallopian tube
BORCS8	gallbladder
BORCS8	heart muscle
BORCS8	hippocampus
BORCS8	colon
BORCS8	duodenum
BORCS8	oral mucosa
BORCS8	ovary
TXNIP	adrenal gland
TXNIP	breast
TXNIP	appendix
TXNIP	appendix
TXNIP	bone marrow
TXNIP	breast
TXNIP	bronchus
TXNIP	caudate
TXNIP	caudate
TXNIP	cerebellum
TXNIP	cerebellum
TXNIP	cerebellum
TXNIP	cerebral cortex
TXNIP	cerebral cortex
TXNIP	cerebral cortex
TXNIP	cerebral cortex
TXNIP	cervix, uterine
TXNIP	cervix, uterine
TXNIP	colon
TXNIP	colon
TXNIP	duodenum
TXNIP	endometrium 1
TXNIP	endometrium 1
TXNIP	endometrium 2
TXNIP	endometrium 2
TXNIP	epididymis
TXNIP	esophagus
TXNIP	fallopian tube
TXNIP	gallbladder
TXNIP	heart muscle
TXNIP	hippocampus
TXNIP	hippocampus
TXNIP	kidney
TXNIP	kidney
TXNIP	liver
TXNIP	liver
TXNIP	lung
TXNIP	lung
TXNIP	lymph node
TXNIP	lymph node
TXNIP	nasopharynx
TXNIP	oral mucosa
TXNIP	ovary
TXNIP	pancreas
TXNIP	breast
TXNIP	parathyroid gland
TXNIP	placenta
TXNIP	placenta
TXNIP	prostate
TXNIP	rectum
TXNIP	salivary gland
TXNIP	seminal vesicle
TXNIP	skeletal muscle
TXNIP	skin 1
TXNIP	skin 1
TXNIP	skin 1
TXNIP	skin 1
TXNIP	skin 2
TXNIP	small intestine
TXNIP	smooth muscle
TXNIP	soft tissue 1
TXNIP	soft tissue 1
TXNIP	soft tissue 1
TXNIP	soft tissue 1
TXNIP	soft tissue 2
TXNIP	soft tissue 2
TXNIP	soft tissue 2
TXNIP	spleen
TXNIP	spleen
TXNIP	stomach 1
TXNIP	stomach 2
TXNIP	testis
TXNIP	testis
TXNIP	thyroid gland
TXNIP	tonsil
TXNIP	tonsil
TXNIP	tonsil
TXNIP	urinary bladder
TXNIP	vagina
TXNIP	pancreas
